MWM International Indústria de Motores da América do Sul Ltda;2005-05-05;1;5617;5000; 355800; 5.93;;85243;96379;88736
Armco do Brasil SA;2005-07-08;2;20001;20001; 2486524; 5.18;;236379;240886;199210
Brascan Century Plaza;2005-07-01;2;4631;5001; 1423484; 5.93; 5.93;68872;69690;62892
Condomínio SP Market/Condomínio Shopping Center Fiesta;2005-07-31;1;10001;10001; 667267; 5.56;;144022;157936;146033
Embratel - Empresa Brasileira de Telecomunicações SA;2005-11-29;1;5697;5000; 371400; 6.19;;81955;87201;85103
Companhia Metalúrgica Prada;2005-12-20;1;3500;5000; 387600; 6.46;;43618;39904;33759
Siemens Ltda;2006-05-08;4;2257;5000; 1550400; 6.46;;30491;30138;24365
Carrefour Comercio e Indústria Ltda;2006-12-18;1;59575;40001; 2457661; 5.12;;943344;934129;989787
Associação Nóbrega de Educação e Assistência Social - Colégio São Luís;2006-12-20;1;5600;5600; 4605937; 6.89;;92525;75240;68026
Grupo SEB do Brasil Produtos Domésticos Ltda;2007-03-27;1;3110;5000; 413400; 6.89;;31333;49015;46278
Hospital e Maternidade Santa Joana SA;2007-05-30;5;10001;10001; 3882388; 6.47;;152165;151951;146520
Diagnósticos da América SA;2007-05-31;5;4899;5000; 2067000; 6.89;;72280;70191;75171
Associação Cristã de Moços de São Paulo;2007-06-13;1;7909;10001; 756076; 6.30;;124768;121751;103212
Petróleo Brasileiro S/A - Petrobras;2013-03-01;1;1001;1001; 394568; 5.65; 3.30;;17445;36334
Condomínio do Shopping Center Morumbi;2007-05-30;5;17075;15800; 6133560; 6.47;;238813;254728;281221
Academia Paulista Anchieta S/C Ltda;2007-09-27;1;5781;5400; 463320; 7.15; 7.15;66955;84993;56826
Libbs Farmacêutica Ltda;2007-08-23;1;6398;; 858000; 7.15; 7.15;;;
Condeshop - Consórcio de Desenvolvimento de Shopping Centers;2007-09-26;1;4000;3000; 514800; 7.15;;21664;61397;61789
Ford Motor Company Brasil Ltda;2007-05-31;2;10000;15000; 1339200; 3.72;;185613;147365;116599
Condomínio Edifício Convention Corporate Plaza - Torre C Comercial State;2007-11-22;1;5000;5000; 858000; 7.15; 7.15;80428;73638;55363
Meliá Brasil Administração Hoteleira e Comercial Ltda;2008-02-19;1;11713;10001; 805281; 6.71;;198699;207044;210560
São Paulo Turismo SA;2008-02-29;1;10001;10001; 805281; 6.71;;140529;139522;116063
Wal Mart Brasil Ltda;2008-03-11;1;13095;5195; 393989; 6.32;;194464;179749;160210
Empresa Metropolitana de Transportes Urbanos de São Paulo SA;2008-03-26;1;2935;3366; 288399; 7.14;;43531;45827;44750
Sonda Supermercados Exportação e Importação Ltda;2008-03-26;1;19362;13536; 1088294; 6.70;;287969;280792;274500
São Paulo Futebol Clube;2008-03-14;1;4000;4000; 41280; 7.15;;83637;87240;80228
Condomínio Boavista Shopping;2008-03-31;1;3000;3000; 514800; 7.15; 7.15;;;
Grupo Alfa (Transamérica Expocenter/C&C Casa e Construção Ltda/Companhia Transamérica de Hotéis);2008-04-25;1;8791;6549; 554182; 7.15;;131288;135035;119181
Condomínio do Edifício International Flat;2008-04-30;1;2970;3000; 514800; 7.15;;35640;32353;43546
Poly-Vac S/A Indústria e Comércio de Embalagens ;2008-04-03;1;2500;3000; 257400; 7.15;;29078;24516;25295
Beneficência Médica SA (Hospital e Maternidade São Luiz. Hospital Cidade Jardim Ltda. Hospital e Maternidade Anália Francisco SA) ;2008-05-20;1;14443;13170; 1060448; 6.71; 6.71;215464;219131;197509
Amesp Saúde Ltda e Medial Saúde S/A;2008-05-27;1;8718;10018; 806649; 6.71; 6.71;130619;130942;127903
Condomínio Centro Empresarial do Aço;2008-05-14;1;2297;3000; 514800; 7.15;;27564;18812;34061
Policlin S/A Serviços Médicos Hospitalares;2008-05-19;1;3000;3000; 297360; 4.13;;43352;40875;44292
Denver Indústria e Comércio de Produtos Químicos Ltda;2008-04-30;1;3000;3000; 257400; 7.15;;61428;51561;42130
Nestlé Brasil Ltda;2008-05-29;2;16000;10100; 935664; 3.86;;277924;232137;238444
PUC - Fundação São Paulo;2008-07-30;1;3000;3559; 610724; 7.15; 7.15;42218;42823;41106
Porto Seguro Cia de Seguro Gerais;2008-08-18;1;4220;4317; 370399; 7.15;;69522;63501;58463
Intermédica Sistema de Saúde SA;2008-08-29;1;10001;10001; 786079; 6.55;;150136;141741;112775
Associação Congregação de Santa Catarina;2008-08-29;1;10001;7686; 1318918; 7.15;;153518;154137;145390
Whirlpool SA;2008-08-29;1;1300;3000; 514800; 7.15;-;15600;8915;15551
Consórcio Shopping Metrô Itaquera;2008-04-01;1;5800;6500; 1074840; 7.15; 6.63;;;
Novartis Biociências S/A;2008-06-27;1;1850;3000; 514800; 7.15;-;27446;25735;24267
Arthur Lundgren Tecidos SA - Casas Pernambucanas;2008-10-22;1;3255;4588; 371077; 6.74;;49298;48244;43611
Protege SA Proteção e Transporte de Valores;2008-10-13;1;1629;3000; 257040; 7.14;;24530;24754;23773
Companhia do Metropolitano de São Paulo- Metrô;2008-10-30;1;42473;30000; 2199673; 6.11; 6.11;603845;782476;871917
Condomínio Continental Square Faria Lima;2008-10-31;1;6000;6000; 1081440; 7.51;;83381;81246;89585
Condomínio Edifício Antonio Alves Ferreira Guedes;2008-11-18;1;3000;3000; 540720; 7.51;;36000;36000;20645
TIVIT Terceirização de Tecnologia e Serviços SA;2008-10-06;1;3647;3000; 270360; 7.51;;43764;25238;51672
General Motors do Brasil Ltda;2008-11-14;1;2606;4190; 377603; 7.51;;;;
Santher - Fábrica de Papel Santa Therezinha S/A;2008-11-30;1;3000;3000; 270360; 7.51;;;;
D'Avó Supermercados Ltda;2008-12-29;1;3464;4994; 368320; 7.51;;;;
Center Norte SA - Construção. Empreendimentos. Administração e Participação;2008-11-06;1;25000;25000; 1974000; 6.58;;345153;335775;271147
Serviço Social da Indústria (SESI) e Serviço Nacional de Aprendizagem Industrial (SENAI);2009-01-23;1;22517;22387; 1536644; 5.72;;;;
Banco Citibank S/A;2009-01-28;1;2545;3000; 540720; 7.51;;16153;29525;24273
Hotelaria Accor Brasil S/A;2009-01-30;1;30003;26164; 3728206; 6.26;;412761;411713;376638
Shopping Cidade Jardim S/A;2009-01-26;1;3000;3000; 270360; 7.51; 7.51;;;
Gerdau Aços Longos SA;2009-01-19;1;3000;3000; 270360; 7.51; 7.51;;;
Associação Congregação de Santa Catarina ;2009-01-09;1;5500;6000; 1081440; 7.51;;;;
Eletropaulo Metropolitana Eletricidade de São Paulo S A;2009-02-04;1;2675;6473; 583347; 7.51;;;;
Dow Brasil Sudeste Industrial Ltda;2009-03-30;1;18752;20001; 1373994; 5.31;;225024;225024;187986
Prosegur Brasil SA Transportes de Valores e Segurança;2009-03-30;1;2614;3180; 391339; 7.34;;36923;41154;32955
Shopping Center Leste Comercial Ltda e Central Plaza Comercial Ltda ;2009-03-25;1;40001;25000; 2814000; 2.80;;533888;555462;485458
Comdomínio Shopping Center Ibirapuera;2009-03-26;1;11000;11000; 1861200; 7.05;;;;
Estanplaza Administradora Hoteleira e Comercial Ltda;2009-04-13;1;5041;3202; 577128; 7.51; 7.51;73243;76646;60970
Unimed Paulistana Sociedade Cooperativa de Trabalho Médico;2009-04-24;1;3998;4254; 766741; 7.51; 7.51;59790;68085;79104
Fundação Visconde de Porto Seguro;2009-05-05;1;5000;5000; 901200; 7.51; 7.51;;;
Empresa Brasileira de Infraestrutura Aeroportuária - Infraero;2009-05-01;1;12500;12500; 2453400; 7.05;;161973;178759;178945
Condomínio Panamérica Park;2009-05-04;1;3731;3000; 473130; 7.51;;99963;76847;40626
TNL Contax SA;2009-07-30;1;4840;4840; 872362; 7.51;;66810;59718;62395
Valeo Sistemas Automotivos Ltda - Divisão Iluminação;2009-08-26;1;3000;3000; 540720; 7.51;;35341;44974;43292
Baxter Hospitalar Ltda;2009-08-03;1;12000;12000; 1536480; 7.05;;;;
Intermarcos Administradora Ltda;2009-09-01;1;11903;10001; 846085; 7.05;;157436;147583;137298
Lorenzetti SA Indústrias Brasileiras Eletrometalúrgicas;2009-10-26;1;3000;3000; 564480; 7.84;-;58943;55626;50478
Givaudan do Brasil Ltda;2009-10-13;1;3000;3000; 663264; 7.84;;;;
Saint-Gobain Distribuição Brasil Ltda;2009-12-01;1;2359;3000; 282240; 7.84;;;;
Andorinha Supermercado Ltda;2009-11-23;1;3000;3000; 747936; 7.84;;;;
Consórcio Shopping Vila Olímpia;2009-12-30;1;7200;3100; 583296; 7.84;;86400;85454;97909
Duratex S/A;2010-01-28;1;11000;11000; 1943040; 7.36; 7.36;144991;138699;90678
Empresa Brasileira de Correios e Telégrafos;2010-02-23;1;17126;20001; 1624881; 6.77;;261830;256569;226629
Panificadora Cepam Ltda;2010-03-31;1;3000;3000; 564480; 7.84; 7.84;49029;59710;48151
Condomínio Edifício Milano e Torino;2010-02-26;1;3000;3000; 564480; 7.84;;37695;37508;34616
Kellogg Brasil Ltda;2009-12-01;1;3000;3000; 638515; 7.84;;39728;47873;45275
Grupo Seb do Brasil Produtos Cosméticos;2009-12-15;1;1800;1001; 153273; 6.38; 6.38;8174;12985;11767
Nambei Indústria de Condutores Elétricos Ltda;2010-04-28;1;1000;1000; 213360; 8.89; 8.89;15440;16431;13501
Hospital San Paolo Ltda;2010-04-30;1;1500;3000; 564480; 7.84; 7.84;;;
Toyota do Brasil Ltda;2010-03-25;1;4109;3000; 470880; 6.54;;49308;32958;52189
Condomínio Edifício Barão de Ouro Branco;2010-05-18;1;600;1001; 201081; 8.37; 8.37;2773;8481;7521
Casa de Nossa Senhora da Paz - Ação Social Franciscana;2009-11-11;1;5000;6000; 652320; 4.53;;67216;61936;82919
Condomínio Edifício Grande Avenida;2010-05-24;1;677;739; 157673; 8.89; 8.89;10177;10831;10756
Condomínio Edifício Mário Wallace Simonsem Cochrane ;2010-05-24;1;1017;680; 145085; 8.89; 8.89;10644;10493;9118
Federação do Comércio de Bens. Serviços e Turismo do Estado de São Paulo;2010-06-18;1;842;670; 142951; 8.49; 8.49;10299;10385;10088
Gerresheimer Plásticos São Paulo Ltda;2010-05-12;1;500;500; 11670; 8.89; 8.89;;;
Condomínio Edifício Paulista Classic Flat;2010-06-11;1;1001;1001; 201081; 8.37; 8.37;15163;13302;12272
Condomínio Edifício Saint Charbel;2010-06-11;1;600;600; 128016; 8.89; 8.89;10869;10628;9082
Condomínio Edifício Hyde Park;2010-06-29;1;800;800; 170688; 8.89; 8.89;10707;10025;10469
Condomínio Edifício Sir Winston Churchill;2010-06-24;1;3140;3140; 590822; 7.84; 7.84;42107;43514;40518
Edifício Cristal Tower;2010-06-24;1;500;500; 106680; 8.89; 8.89;7014;7325;6207
Coats Corrente;2010-06-10;1;4128;3000; 282240; 7.84;;51633;52506;39891
Condomínio  Edifício Parque Paulista;2010-07-19;1;748;; 159593; 8.89; 8.89;13331;12909;12543
Brassinter S/A Indústria e Comércio;2010-06-14;1;1100;1100; 110484; 8.37;;12978;15308;13709
Museu de Arte de São Paulo Assis Chateaubriand - Masp;2010-07-01;1;1001;1001; 201081; 8.37; 8.37;15739;18757;18515
Condomínio Taubaté Shopping Center;2010-07-23;3;5500;5500; 1793880; 4.53; 4.53;65183;61110;61530
Condomínio Edifício Patrimonio;2010-07-26;1;616;; 131430; 8.89; 8.89;9674;10452;8578
Banco Safra S/A;2010-07-19;1;1001;1500; 201081; 8.37; 8.37;16272;14563;18958
Boehringer Ingelheim do Brasil Química e Farmacêutica Ltda;2009-09-01;1;10001;10001; 1350000; 7.05;;120899;106138;99708
Igreja Universal do Reino de Deus;2010-07-22;1;3000;3000; 564480; 7.84; 7.84;37531;38545;35800
Mayekawa do Brasil Refrigeração LTDA;2010-09-01;1;500;500; 53340; 8.89;;7131;5787;5289
Ford Motor Company Brasil Ltda;2010-02-01;1;30001;30001; 2738467; 5.32; 2.22;370007;389661;319445
Condomínio Edifício Medical Center Paulista;2010-08-23;1;1991;1991; 399952; 8.37; 8.37;26689;26551;24617
Condomínio Edifício Icon Faria Lima;2010-08-23;1;1001;1001; 201081; 8.37; 8.37;16313;17215;16788
Brazilian Financial Center;2010-08-31;1;4500;3000; 564480; 7.84; 7.84;54000;29701;51223
Zanettini Barossi SA Indústria e Comércio;2010-09-21;1;620;1001; 201081; 8.37; 8.37;7440;2894;7173
Condomínio Top Center;2010-09-27;1;3000;3000; 564480; 7.84; 7.84;45107;47570;42782
Gomes e Mirandez Restaurante. Lanchonete. Pizzaria e Conveniências Ltda;2010-09-27;1;500;500; 106680; 8.89; 8.89;7127;6844;5589
Fundação Escola de Comércio Álvares Penteado;2010-09-24;1;627;627; 139194; 9.25; 9.25;8243;8113;7138
Amico Saúde Ltda;2010-09-30;1;3000;2670; 536350; 8.37; 8.37;14336;49082;53895
Serasa SA;2010-09-30;1;1060;1060; 212932; 8.37; 8.37;21541;21175;22367
Siscom Sistema de Cobrança Modular Ltda;2010-08-03;1;500;500; 88920; 7.41; 7.41;7685;9492;8645
Leroy Merlin Companhia Brasileira de Bricolagem;2010-09-22;1;1339;1001; 201080; 8.37; 8.37;16068;10533;20554
Condomínio Edifício Crystal Tower Office;2010-10-22;1;825;825; 183150; 9.25; 9.25;;;
Condomínio Edifício Juscelino Plaza;2010-10-22;1;617;720; 159840; 9.25; 9.25;8845;8243;9576
Condomínio Centro Administrativo Santo Amaro;2010-10-01;1;2781;2400; 501696; 8.71; 8.71;33372;18595;34165
Akzo Nobel Ltda;2010-09-20;2;500;500; 88920; 7.41;;5687;5260;5551
Apsen Farmacêutica SA;2010-09-20;1;2326;1700; 355368; 8.71; 8.71;13250;26042;25946
Topcau Indústria e Comércio de Chocolates Ltda;2010-10-27;1;500;500; 111000; 9.25; 9.25;11741;8886;8826
Clínica São Jorge Serviços Nefrológicos Ltda;2010-11-04;1;630;630; 139860; 9.25; 9.25;10442;9127;8606
Condomínio Edifícios New York e Los Angeles;2010-10-20;1;3000;3000; 587520; 8.16; 8.16;44523;48889;42759
H Louis Baxmann Produtos Metalúrgicos Ltda;2010-11-16;1;1075;1250; 261300; 8.71; 8.71;12900;705;12459
Condomínio Higienópolis Medical Center;2010-11-26;1;2034;1685; 354323; 8.71; 8.71;7531;29222;30018
Edifício Saliba;2010-11-25;1;1310;1310; 273842; 8.71; 8.71;22251;21644;21343
Condomínio Conjunto Comercial Paraíso;2010-12-01;1;730;730; 162060; 9.25; 9.25;9350;9418;11159
Hospital Infantil Sabará SA;2010-12-16;1;1001;1001; 209249; 8.71; 8.71;;;
Condomínio Edifício Maria José;2010-12-13;1;534;534; 118548; 9.25; 9.25;7916;7902;6515
Condomínio Edifício Dornier Merkur;2010-12-15;1;651;651; 144522; 9.25; 9.25;8411;8990;8069
Condomínio Edifício La Concorde Jardim Europa;2010-12-05;1;680;680; 150960; 9.25; 9.25;10158;9402;10036
Condomínio Edifício Barão de Água Branca;2010-12-15;1;550;500; 118560; 9.88; 9.88;1214;6321;7484
Condomínio Edifício Pekelman;2010-12-15;1;500;500; 111000; 9.25; 9.25;6394;6478;6501
Condomínio Edifício Midas;2010-12-15;1;600;621; 137862; 9.25; 9.25;;;
M Cassab Com e Ind Ltda;2010-12-01;5;1001;1001; 1046245; 8.71; 8.71;12947;10931;12058
Condomínio Edifício Denver Office Center e Edifício Austin Office Center;2011-01-17;1;1001;834; 185148; 9.25; 9.25;13184;12950;11751
Nefros - Unidade de Nefrologia e Hipertensão Sociedade Simples Ltda;2011-01-04;1;500;500; 111000; 9.25; 9.25;;;
Dovac Ind e Com Ltda;2011-01-01;3;3000;3000; 1224288; 7.36; 9.94;;;
Produquímica Indústria e Comércio SA;2011-01-31;1;500;500; 111000; 9.25; 9.25;10577;10980;9419
Globo Comunicações e Participações SA;2011-01-01;5;1800;1800; 1881360; 8.71; 8.71;26775;30469;26756
ADLM Serviços Médicos S/C Ltda;2011-01-28;1;600;600; 133200; 9.25; 9.25;8870;9091;9538
Daviso Indústria e Comércio de Produtos Higiênicos SA;2011-02-02;1;500;500; 111000; 9.25; 9.25;;;
Bergamais Supermercados Ltda;2011-01-03;1;2000;2000; 464069; 8.71; 8.71;23214;24160;23827
Orion Participações e Administração Ltda;2011-02-11;1;1432;1432; 299345; 8.71; 8.71;21372;20260;19968
Clinefran - Clínica de Nefrologia Franco da Rocha Ltda;2011-01-14;1;500;500; 111000; 9.25; 9.25;;;
Condomínio Edifício Pedra Grande;2011-02-21;1;544;844; 187368; 9.25; 9.25;6528;6528;5745
Condomínio Millenium Business Center;2011-02-21;1;1010;1010; 211130; 8.71; 8.71;18755;19905;22690
Condomínio Edificio Memorial Office Building;2011-02-09;1;1400;2200; 459880; 8.71; 8.71;8607;19102;19720
Amico Saúde Ltda;2011-01-21;1;1023;1780; 372091; 8.71; 8.71;13557;15016;14481
Clínica Nefrológica do Itaim Paulista Ltda;2011-02-28;1;500;500; 111000; 9.25; 9.25;7078;7638;7103
Clínica Nefrológica São Miguel Ltda;2011-02-28;1;521;521; 115662; 9.25; 9.25;7028;6578;5826
Clínica e Nefrologia Leste Ltda;2011-02-28;1;722;1001; 209249; 8.71; 8.71;786;11046;13107
Grupo Fartura de Hortifrut Ltda;2011-03-20;1;530;530; 117660; 9.25; 9.25;;;
Cetene - Centro de Terapia Nefrológica Ltda;2011-03-21;1;650;650; 144300; 9.25; 9.25;;;
HSBC Bank Brasil SA;2011-03-21;1;1100;1100;22994400; 8.71; 8.71;;;
Liga das Senhoras Católicas - Lar Santana;2011-03-29;1;1230;1230; 257119; 8.71; 8.71;18539;18583;15763
Alstom Brasil Energia e Transporte LTDA;2011-03-30;1;1200;1087; 227226; 8.71; 8.71;14400;14661;18643
Condomínio Edifício Sol Alphaville;2011-03-22;1;1001;1001; 22002; 8.71; 8.71;24881;30583;25135
Styron do Brasil Comércio de Produtos Químicos LTDA;2011-04-01;1;1001;1001; 209249; 8.71; 8.71;14442;13773;9995
P2 Administração em Comércios Imobiliários SA;2011-04-01;1;4500;4500; 881280; 8.16; 8.16;67559;66488;60485
Condomínio Conjunto Zarvos;2011-04-25;1;563;563; 124986; 9.25; 9.25;9630;9659;9012
Condomínio Edifício Burity;2011-05-04;1;510;510; 113220; 9.25; 9.25;7673;8076;7774
Condomínio Edifício Santa Catarina;2011-05-10;1;1217;1217; 254402; 8.71; 8.71;14739;17177;17328
Associação Educacional Nove de Julho - Uninove;2011-05-13;1;2800;2800; 585312; 8.71; 8.71;35582;38527;34900
Associação Educacional Nove de Julho - Uninove;2011-05-13;1;1200;1200; 250848; 8.71; 8.71;18427;22369;22546
Associação Educacional Nove de Julho - Uninove;2011-05-13;1;3600;3600; 705024; 8.16; 8.16;40557;39284;33090
Viscofan do Brasil Sociedade Comercial e Industrial Ltda;2010-08-31;10;54000;54000; 40302720; 3.39; 2.14;;;
Condomínio Edifício New England;2011-05-26;1;523;; 116106; 9.25; 9.25;8293;8452;8365
Condomínio Edifício José Paulino Nogueira;2011-05-27;1;573;; 127206; 9.25; 9.25;9064;9251;9911
Condomínio Edifício Mykonos;2011-05-26;1;1200;1100; 229944; 8.71; 8.71;14400;10260;12461
Condomínio São Paulo Trade Building;2011-05-30;1;520;520; 115440; 9.25; 9.25;7601;7365;7598
São Paulo Golf Club;2011-06-01;1;1500;1500; 313560; 8.71; 8.71;18000;10877;17549
Eli Lilly do Brasil ;2011-04-19;5;1088;1088; 1137178; 8.71; 8.71;;;
Condomínio Edifício Caesar Towers Paulista;2011-06-14;1;1622;1622; 339063; 8.71; 8.71;24986;30055;31238
Condomínio Edifício Padre João Manoel;2011-06-02;1;700;900; 199800; 9.25; 9.25;9607;9676;9868
Jaguaré Business Park;2011-06-07;1;4000;4000; 842112; 8.16;;;;
Nacco Materials Handling Group Brasil SA;2011-07-13;5;530;530; 588300; 9.25; 9.25;;;
Serviço Federal de Processamento de Dados - Serpro;2011-07-14;5;2005;2005; 2095626; 8.71; 8.71;;;
Biosintética Farmacêutica Ltda;2011-05-20;2;3001;3001; 1287098; 8.16; 8.16;;;
Condomínio Stadium;2011-06-30;1;3200;3200; 451584; 8.16; 8.16;;;
Condomínio Edifício Itaim Center;2011-07-08;1;1070;1070; 223673; 8.71; 8.71;16123;12798;9980
Associação dos Funcionários Públicos do Estado de São Paulo - AFPESP;2011-07-25;1;3898;3317; 513472; 6.45; 6.45;46776;46776;16626
Indústria Brasileira de Artigos Refratários IBAR LTDA;2011-07-31;1;2185;2185; 456752; 8.71; 8.71;36164;24191;22989
Pilkington Brasil Ltda;2011-08-01;1;1001;2000; 418080; 8.71;;15503;15249;10910
Torre 2000 Ed Julio de A Prado Penteado;2011-08-18;1;683;683; 151626; 9.25; 9.25;11077;11393;9922
Condomínio Edifício Bolsa de Cereais de São Paulo;2011-08-18;1;500;500; 112998; 9.25; 9.25;9647;9303;7281
Condomínio Edifício International Plaza II;2011-08-26;1;1750;1200; 250858; 8.71; 8.71;13485;24109;23641
Condomínio Edifício Contemporary Tower;2011-08-15;1;500;; 111000; 9.25; 9.25;;;
Edifício Vila Olímpia Corporate Plaza;2011-08-17;1;590;590; 130980; 9.25; 9.25;8243;7837;7718
Congregação das Filhas de Nossa Senhora do Monte Calvário- Hospital Santa Virgínia;2011-08-03;1;2065;; 431678; 8.71; 8.71;31613;30768;33358
Operadora de Shopping Center Eldorado SC Ltda;2011-08-30;1;20001;20001; 2436122; 6.87; 3.28;250047;254796;250245
Keiper Tecnologia de Assentos Automotivos Ltda;2011-09-01;1;1100;1800; 376272; 8.71; 8.71;13200;8132;13139
Tam Linhas Aéreas SA;2011-07-22;3;1800;1800; 1128816; 8.71; 8.71;;;
Kimberly-Clark Brasil Indústria e Comércio de Produtos de Higiene Ltda;2011-09-01;1;3780;3780; 1126080; 8.16; 8.16;68319;75493;81715
Condomínio Corporate Park;2011-09-22;1;1891;1500; 313560; 8.71; 8.71;22692;14416;22064
Condomínio Edifício Jardins Residence Service;2011-09-02;1;1001;1400; 292656; 8.71; 8.71;12012;7973;16083
Carlisa SA Empreendimentos e Participações ;2011-09-30;1;2090;3000; 627840; 8.72; 8.72;25080;22849;30680
Condomínio Edifício R Monteiro;2011-09-22;1;650;650; 154128; 9.88; 9.88;10100;11632;9981
Vertical Empreendimentos Esportivos LTDA;2011-10-01;5;1200;1200; 1339200; 9.30; 9.30;16317;12886;12468
Condomínio Edifício Pedroso de Moraes 1217;2011-09-26;1;1670;1670; 372744; 9.30; 9.30;;;
Esho - Empresa de Serviços Hospitalares SA;2011-10-05;1;1600;1345; 300204; 9.30; 9.30;8213;30290;34325
WS Lazzuri Empreendimentos e Consultoria Ltda ;2011-09-27;1;500;500; 100080; 8.34; 8.34;5953;5422;5694
Condomínio Edifício First Office Flat;2011-11-03;1;614;614; 145592; 9.88; 9.88;9780;9342;8706
Vale Soluções em Energia - VSE;2011-10-31;2;500;2000; 257760; 5.37;;28918;12115;5468
Condomínio Edifício Wilson Mendes Caldeira;2011-11-23;1;1054;1015; 226548; 9.30; 9.30;12648;2606;15872
Festo Brasil Ltda;2011-11-22;1;1300;1300; 290160; 9.30; 9.30;20199;18993;16988
C&A Modas Ltda;2011-11-29;1;1689;2809; 447213; 8.92; 8.92;24141;25751;19492
Condomínio Edifício Joaquim Floriano 100;2011-12-12;1;506;506; 119983; 9.88; 9.88;6757;6902;6981
ML Gomes Advogados Associados;2011-12-06;1;500;500; 118560; 9.88; 9.88;6568;6469;6493
"Associação Brasileira ""A Hebraica"" de São Paulo";2011-12-20;1;10001;10001; 1963396; 8.18; 8.18;136631;136978;123264
"Igreja Pentecostal ""Deus é Amor""";2011-12-28;1;1300;1300; 290160; 9.30; 9.30;21766;25396;27508
Voith Paper Máquinas e Equipamentos;2011-12-08;1;1001;10001; 981698; 8.18;;83342;39596;15445
Dou-Tex SA Indústria Têxtil;2011-12-28;1;3000;5000; 1086960; 8.72;;55272;52732;54357
Campo Belo Medical Center;2011-12-20;5;750;750; 889200; 9.88; 9.88;;;
Edifícios Dallas Office Center e Houston Office Center;2012-01-06;1;500;500; 118560; 9.88; 9.88;6911;7792;6488
Associação Atlética Ferroviária;2011-12-27;2;500;500; 136800; 5.70; 5.70;6635;7234;9453
Alsco Toalheiros Brasil;2011-12-30;2;2500;3200; 1339392; 8.72; 8.72;37839;27478;27990
PEEQFLEX Industria e Comercio Ltda;2012-01-20;5;1300;1300; 1450800; 9.30; 9.30;;;
Condomínio Edifício Andraus;2012-01-13;1;1456;1300; 290160; 9.30; 9.30;;14383;18676
Manikraft Guaianazes Indústria de Celulose e Papel Ltda ;2012-01-01;1;1045;750; 88920; 9.88;;;12540;19126
Condomínio Villa Lobos Office Park;2012-02-08;1;3000;3000; 627840; 8.72; 8.72;35572;40898;51314
Companhia Nitroquímica Brasileira;2012-01-26;1;1300;1300; 145080; 9.30;;27629;34550;22471
Construtora Know How Ltda;2012-02-10;1;720;720; 170726; 9.88; 9.88;10175;12056;10578
Ericsson Telecomunicações SA;2012-02-23;1;3000;3000; 313920; 8.72;;41101;37420;27877
Condomínio Edifício Chrysler;2012-02-25;1;1100;1100; 245520; 9.30; 9.30;10389;12865;9380
Condomínio Edifício Cambuí;2012-02-27;1;500;500; 118560; 9.88; 9.88;6128;7028;6132
Rádio e Televisão Record SA;2012-02-23;1;2265;1500; 334800; 9.30; 9.30;;25036;28956
Condomínio Edifício International Plaza;2012-02-28;1;1100;1100; 245520; 9.30; 9.30;13857;17207;16155
Etna Comércio de Móveis e Artigos para Decoração Ltda;2012-02-29;5;1100;1100; 1227600; 9.30; 9.30;;;
Anis Razuk Indústria Comércio Ltda;2012-03-19;1;1024;1024; 228557; 9.30; 9.30;11635;13947;7499
Camil Alimentos SA;2012-04-09;1;1001;1001; 223423; 9.30; 9.30;8601;13353;11783
Jordanésia Empreendimentos Imobiliários Ltda;2012-03-30;1;1001;1001; 111712; 9.30;;10071;15891;12592
Condomínio Edifício Avenida Brigadeiro Faria Lima ;2012-04-18;1;2540;2540; 566928; 9.30; 9.30;27009;36846;35169
Condomínio Edifício The Empire State Faria Lima Hotel & Convention;2012-04-24;1;1020;872; 206769; 9.88; 9.88;;12240;10045
Hotel Marco Internacional SA;2012-04-17;1;1200;1200; 267840; 9.30; 9.30;11605;16582;13036
Condomínio Edifício Epura;2012-04-17;1;534;534; 126622; 9.88; 9.88;4412;6821;5431
Condomínio Edifício Shopping Lousã;2012-04-25;1;635;635; 150571; 9.88; 9.88;6742;9006;7897
Editora Moderna Ltda;2012-04-25;1;600;600; 142272; 9.88; 9.88;5807;9515;13608
Colgate-Palmolive Industrial Ltda;2011-11-08;5;13000;13000; 7060680; 6.91;;131719;228334;221930
Universo Online SA - UOL;2012-05-02;1;669;669; 158633; 9.88; 9.88;7730;12520;10216
Química Industrial Fides S/A;2012-04-24;1;500;500; 118560; 9.88;;;;
Condomínio Bolsa de Mercadorias ;2012-05-18;1;850;850; 201552; 9.88; 9.88;7926;13935;13396
Vila Country Maclemon Ltda;2012-05-10;1;1300;1300; 290160; 9.30; 9.30;10139;20322;14601
Alcatel-Lucent Brasil SA;2012-05-08;1;1100;1100; 245520; 9.30; 9.30;9052;14303;17915
Indústria Gráfica Foroni Ltda;2012-05-22;1;1515;1650; 368280; 9.30; 9.30;;10076;16011
Fundação Bienal de São Paulo;2012-05-09;1;650;650; 154128; 9.88; 9.88;7668;8608;8997
Hospital Geral do Pedreira;2012-06-01;5;3600;3600; 3767040; 8.72; 8.72;;29872;52910
Edifício JK Financial Center ;2012-06-08;1;871;871; 206532; 9.88; 9.88;6618;7922;8715
Condomínio Edifício Henrique Schaumann;2012-06-04;1;1260;1260; 281232; 9.30; 9.30;11359;20403;21126
Associação Brasileira d'A Igreja de Jesus Cristo dos Santos dos Últimos Dias;2012-05-25;1;1400;1400; 312480; 9.30; 9.30;13312;19710;21404
Beiersdorf Indústria e Comércio Ltda;2010-01-29;1;3000;3000; 163080; 4.53;;46559;43058;43449
Condomínio Edifício Clemente Faria;2012-06-14;1;1200;1200; 267840; 9.30; 9.30;8410;17396;16514
Condomínio Edifício Plaza I;2012-06-14;5;530;530; 628368; 9.88; 9.88;;;
Condomínio Edifício Dumas Tower;2012-06-14;5;610;610; 723216; 9.88; 9.88;;;
Edifício Spazio Faria Lima;2012-06-20;1;700;672; 159345; 9.88; 9.88;;6444;10361
Universidade Federal de São Paulo;2012-08-14;1;690;690; 163613; 9.88; 9.88;3923;8784;6810
Montecchio do Brasil Empreendimentos Imobiliários Ltda;2012-06-25;1;1001;1001; 223423; 9.30; 9.30;5953;13849;14181
Empresa Scor Serviços de Organização e Registros Ltda;2012-06-22;1;500;500; 118560; 9.88; 9.88;3265;6241;5300
Associação Fundo de Incentivo à Pesquisa - AFIP;2012-06-26;1;2180;2180; 486576; 9.30; 9.30;15398;32500;33215
WTorre Iguatemi Empreendimentos Imobilíarios S/A;2012-06-27;1;10001;3000; 627840; 8.72; 8.72;;37469;128977
Green Line Sistema de Saúde Ltda;2012-06-28;1;6800;6800; 1423104; 8.72; 8.72;65163;106548;101961
Tozzini Freire Teixeira e Silva Advogados;2012-06-28;1;570;607; 143932; 9.88; 9.88;;6092;8261
Indústria de Malhas Finas Highstil SA;2012-06-28;1;600;1050; 234360; 9.30; 9.30;;5557;6289
Yasuda Seguros SA;2012-07-02;1;636;636; 150808; 9.88; 9.88;4040;9414;11503
Condomínio Edifício Verbo Divino;2012-05-08;5;1800;1800; 2008800; 9.30; 9.30;;;
Condomínio Edifício Nova Brasília;2012-07-02;1;577;500; 118560; 9.88; 9.88;;4678;7911
Condomínio Edifício Top Towers Offices;2012-07-03;1;620;620; 147014; 9.88; 9.88;3916;10209;9666
LMS Hotéis e Turismo Ltda;2012-07-05;1;1001;1001; 223423; 9.30; 9.30;6270;14855;13878
Condomínio Edifício Spazio JK;2012-07-20;1;1136;1100; 245520; 9.30; 9.30;;10555;18898
Condomínio Edifício Passarelli;2012-07-18;1;1100;1100; 245520; 9.30; 9.30;7560;13854;11279
Condomínio Quadra Hungria;2012-07-23;1;720;720; 142272; 9.88; 9.88;5650;11355;9854
Orbitall Serviços e Processamento de Meios de Pagamento LTDA;2012-07-31;1;500;500; 118560; 9.88; 9.88;3844;9979;11043
Arcelormittal Brasil SA;2012-07-18;2;1545;1300; 580320; 9.30; 9.30;7725;18540;18540
Condomínio Edifício Result Corporate Plaza;2012-08-13;1;500;500; 118560; 9.88; 9.88;2977;6895;6548
Liotécnica Tecnologia em Alimentos Ltda;2012-07-01;10;3001;3001; 10930091; 8.72;;14908;34606;13321
ESPM - Escola Superior de Propaganda e Marketing;2012-08-17;1;1095;1095; 244404; 9.30; 9.30;6330;18067;15202
Condomínio Edifício Kyoei Ibirapuera;2012-08-21;1;1180;1180; 263376; 9.30; 9.30;6646;19469;17814
Emporium dos Pães Klabin Ltda-ME;2012-08-22;1;500;500; 118560; 9.88; 9.88;2162;5714;4884
Redecar Redecorações de Autos Ltda;2012-08-29;1;1001;1350; 301320; 9.30; 9.30;;6624;9489
Elevadores Atlas Schindler SA;2012-08-29;1;500;500; 118560; 9.88; 9.88;2470;7930;5768
Combustol Indústria e Comércio LTDA;2012-08-31;1;700;700; 165984; 9.88; 9.88;4522;13575;8720
Procter & Gamble do Brasil SA;2012-08-31;1;6400;6400; 669696; 8.72;;35932;101702;93088
Inspetoria Santa Catarina de Sena;2012-09-05;1;500;500; 118560; 9.88; 9.88;;;
Condomínio Edifício SP Business Center;2012-09-21;1;500;500; 118560; 9.88; 9.88;2322;6885;6524
Associação Comercial de São Paulo;2012-09-19;1;600;600; 149616; 10.39; 10.39;1865;7763;7163
CLS São Paulo Ltda;2012-09-19;1;500;500; 124680; 10.39; 10.39;2015;7869;7873
Condomínio Edifício Palácio Quinta Avenida;2012-09-10;1;760;726; 180211; 9.88; 9.88;;4833;10180
Cond Civil Center Shop São Bernardo;2012-06-18;2;4000;6000; 2299680; 8.16; 7.81;;;
Fibam Companhia Industrial;2012-09-30;1;1020;1500; 313560; 8.71; 8.71;;;
BM&F Bovespa SA - Bolsa de Valores. Mercadorias e Futuros;2012-10-01;1;2450;2450; 546840; 9.30; 9.30;6026;34775;32129
Ibope Instituto Brasileiro de Opinião Pública e Estatística;2012-10-19;1;505;505; 125927; 10.39; 10.39;1218;7479;7595
Imprensa Oficial do Estado SA - IMESP;2012-10-19;5;1300;1300; 1525680; 9.78; 9.78;2500;18293;19471
Condomínio Edifício Erika;2012-10-05;1;600;600; 149616; 10.39; 10.39;1466;9183;9712
Sociedade Esportiva Palmeiras;2012-10-22;1;5800;5800; 1276464; 9.17; 9.17;14205;57090;37691
Hospital Aviccena SA;2012-10-23;1;1001;1001; 234955; 9.78; 9.78;2689;15626;15068
Via Sul Transportes Urbanos Ltda;2012-10-11;1;3100;3500; 568823; 8.72; 8.72;;7409;39811
Condomínio Shopping Center Penha;2012-10-22;1;3000;3000; 660240; 9.17; 9.17;7587;56316;68927
Unimed ABC - Cooperativa de Trabalho Médico;2012-10-24;5;1001;1001; 1174774; 9.78; 9.78;;;
Sport Club Corinthians Paulista;2012-10-31;1;5474;5671; 1248074; 9.17; 9.17;13109;74302;75204
Condomínio Edifício Itaquere;2012-10-29;1;570;700; 174552; 10.39; 10.39;;4635;7029
Rio Branco Com e Ind de Papéis Ltda;2012-11-08;1;550;550; 137148; 10.39; 10.39;540;7121;7149
Condomínio Edifício Birmann 20;2012-11-01;5;1500;1500; 1760400; 9.78; 9.78;4249;20256;17090
Condomínio Edifício Nova São Paulo;2012-11-01;5;2000;2000; 2347200; 9.78; 9.78;4200;27730;28484
Sociedade Bíblica do Brasil;2012-10-15;1;500;500; 11670; 10.39; 10.39;1781;7181;6737
Teleperformance CRM SA ;2012-11-20;1;5500;4000; 837120; 8.72; 8.72;;43844;60552
Condomínio Edifício San Paolo;2012-11-30;1;512;667; 166323; 10.39; 10.39;;2933;8775
Santaconstancia Tecelagem Ltda;2012-10-10;10;20000;1001; 14898911; 9.30; 1.84;;;
Frigorífico Marba Ltda;2011-11-07;5;10001;10001; 6348634; 6.91; 3.97;;;
Condomínio Edifício Aliança;2012-11-08;1;530;530; 132161; 10.39; 10.39;543;7219;7207
Yale La Fonte Sistemas de Segurança Ltda;2012-12-13;5;1900;1900; 2229840; 9.78; 9.78;1879;27124;27152
Condomínio 360JK;2012-12-06;1;700;700; 174552; 10.39; 10.39;930;10365;11648
Hospital  Municipal de Barueri Dr Francisco Moran;2012-10-31;1;4000;4000; 82560; 9.17; 9.17;13597;53554;60206
Hospital e Maternidade Nossa Senhora de Lourdes;2012-12-01;1;5000;5000; 1100400; 9.17; 9.17;;61625;60204
Valid Soluções e Serviços de Segurança em Meios de Pagamento e Identificação SA ;2012-12-10;1;1001;1001; 234955; 9.78; 9.78;;12554;11533
Toledo do Brasil Ind de Balanças Ltda;2012-12-10;1;1200;1200; 267581; 9.78; 9.78;;13925;15848
Edifício New Century;2013-01-07;1;2100;2000; 469440; 9.78; 9.78;;5148;32539
Damasio Educacional SA;2013-01-10;1;1035;1035; 242935; 9.78; 9.78;;11353;9617
Tinturaria Têxtil Biselli Ltda;2013-01-17;2;500;500; 249360; 10.39; 10.39;;5459;2175
KHS Indústria de Máquinas Ltda;2013-01-31;1;500;500; 124680; 10.39; 10.39;;9053;8194
Condomínio Edifício CBS;2013-02-07;1;574;; 143133; 10.39; 10.39;;7437;6844
Dataprev - Empresa de Tecnologia e Informação da Previdência Social;2013-02-06;5;600;600; 748080; 10.39; 10.39;;5650;3147
Sitel do Brasil Ltda;2013-02-22;1;1020;; 262065; 9.78; 9.78;;1306;12754
CIA Paulista de Trens Metropolitanos-CPTM;2013-02-25;5;14060;; 2901984; 8.60; 8.60;;168852;165068
Ascot SP Administração e Comercialização Ltda;2012-12-11;5;10001;10001; 7908000; 8.60; 4.58;;77448;80593
Condomínio Plaza Iguatemi;2013-03-15;1;1314;1314; 308422; 9.78; 9.78;;16372;18773
Condomínio Edifício Conde Andrea Matarazzo;2013-03-20;1;3000;3000; 660240; 9.17; 9.17;;32013;34872
Instituto de Pesquisas e Projetos em Educação Comecinho de Vida;2013-03-25;1;505;505; 125927; 10.39; 10.39;;6586;8022
Reckitt Benckiser (Brasil) Ltda;2013-02-01;1;3000;3000; 660240; 9.17; 9.17;;;
Sulfergel Indústria e Comércio de Gelo Ltda;2013-04-22;1;500;600; 5835; 10.39;;;8050;8377
Condomínio Soho's Place;2013-04-26;1;500;500; 127560; 10.63; 10.63;;4926;5836
New-Fix Indústria e Comércio Ltda;2013-03-28;1;500;500; 62340; 10.39;;;;
Pop Gelo Indústria e Comércio Ltda-ME;2013-04-24;1;600;600; 76536; 10.63;;;7947;11853
Condomínio Lex Offices Executive Towers;2013-04-29;1;1001;1001; 234955; 9.78; 9.78;;8261;12165
Novelis do Brasil Ltda;2013-04-20;1;10001;10001; 594059; 4.95;;;116873;280445
Petite Marie Química Fina Indústria e Comércio de Produtos Químicos Ltda;2013-04-30;1;690;1100; 129096; 9.78;;;3161;14232
LA Falcão Bauer CTQC Ltda;2013-05-28;1;500;500; 127560; 10.63; 10.63;;4867;6522
Pereira Barreto Empreendim Imob SPE Ltda;2013-04-26;1;1001;1001; 240480; 10.01; 10.01;;;
Dias Pastorinho S/A Comércio e Indústria;2013-05-29;1;1001;1001; 240480; 10.01; 10.01;;8219;8331
GR SA;2013-06-10;1;660;660; 168379; 10.63;;;6970;9134
Daihatsu Indústria e Comércio de Móveis e Aparelhos Elétricos Ltda;2013-06-27;5;500;500; 637800; 10.73; 10.73;;3288;4902
Super Finishing do Brasil Com Ltda;2013-07-01;1;1001;1001; 240480; 10.01; 10.01;;6257;11358
Empresa de Transportes Atlas Ltda;2013-07-29;1;1001;1001; 240480; 10.01; 10.01;;;
Mitutoyo Sul Americana Ltda;2013-06-28;1;500;500; 127560; 10.63; 10.63;;;
Mobibrasil Transporte Diadema Ltda;2013-07-05;5;1001;1001; 1202401; 10.01; 10.01;;3809;9594
Condomínio Escritórios Europa;2013-07-17;1;500;500; 127560; 10.63; 10.63;;4627;7493
Edifício Comendador Yerchanik Kissajikian;2013-07-11;1;2000;2000; 480480; 10.01; 10.01;;13443;22754
Consórcio Condomínio Shopping Metrô Tucuruvi;2013-04-01;1;5000;3000; 660240; 9.17; 9.17;;41645;92249
Esporte Clube Pinheiros;2008-12-18;1;20001;5500; 991320; 7.51;;240012;130648;83854
Greif Embalagens Industriais do Brasil LTDA;2013-07-05;1;1001;1001; 240480; 10.01; 10.01;;5999;11489
Diversey Brasil Indústria Química Ltda;2012-04-01;5;3250;4250; 4676700; 9.17; 9.17;;3631;39118
Colégio Franciscano São Miguel Arcanjo;2013-08-01;1;500;500; 127560; 10.63; 10.63;;2410;5179
Competition Academia Ltda;2013-08-09;1;746;746; 190320; 10.63; 10.63;;4433;10348
Supermercado Baronesa Ltda;2013-08-08;1;500;500; 127560; 10.63; 10.63;;2045;5559
Condomínio Prime Medical Center;2013-09-25;1;1300;1300; 312312; 10.01; 10.01;;6569;18766
Condomínio Edifício Centro Empresarial Iudice;2013-09-17;1;940;940; 239813; 10.63; 10.63;;4044;11737
OSG Sulamericana de Ferramentas Ltda;2013-09-25;1;700;700; 102984; 6.13; 6.13;;3070;11081
Condomínio Edifícios Birmann 11 e 12;2013-09-10;5;1700;1700; 2042040; 10.01; 10.01;;;
Accenture do Brasil Ltda;2013-09-25;5;590;590; 752604; 10.63; 10.63;;;
Dell Computadores do Brasil Ltda;2011-09-14;1;1600;1187; 234060; 5.37; 5.37;22073;24176;22016
Condomínio Cajamar Industrial Park ;2013-10-01;1;500;3000; 114804; 9.39;;;1646;9564
Condomínio Edifício Pantheon;2013-10-11;1;684;684; 174502; 10.63; 10.63;;2536;10482
Nadir Figueiredo Indústria e Comércio S/A;2013-10-02;1;3900;3900; 439452; 9.39;;;7622;40793
Edifício Capital Center;2013-10-18;1;500;500; 127560; 10.63; 10.63;;1096;6342
Edifício Pátio Victor Malzoni;2013-10-23;1;4500;4500; 1014120; 9.39; 9.39;;13019;85235
Volkswagen do Brasil Indústria de Veículos Automotores Ltda;2010-12-02;5;40001;; 14642496; 3.98;;;;
Condomínio Edifício Paulista de Seguros IV;2013-10-16;5;543;543; 692651; 10.63; 10.63;;;
Serveng Civilsan Empresas Associadas de Engenharia;2013-10-10;1;500;500; 127560; 10.63; 10.63;;1286;7122
Condomínio Edifício River Park;2013-11-12;5;590;590; 752604; 10.63; 10.63;;;
Club Transatlântico;2013-11-18;5;500;500; 637800; 10.63; 10.63;;;
Instituto Metodista de Ensino Superior;2013-10-14;5;6000;6000; 6613200; 9.39; 8.98;;;
Edifício Faria Lima Square;2013-11-14;1;1335;; 320720; 10.01; 10.01;;1626;21708
Rede D'Or São Luiz SA;2013-12-05;1;500;500; 73560; 6.13; 6.13;;;3854
Shopping Itapecerica;2013-12-03;2;3000;3000; 1126800; 9.39; 9.39;;;19465
Concreserv Concreto e Serviços Ltda;2013-11-29;1;1001;1001; 120240; 10.01;;;1983;7352
Grupo de Comunicação Três Ltda;2013-12-02;1;500;500; 127560; 10.63; 10.63;;;5983
ITW Delfast do Brasil Ltda;2013-12-02;1;900;900; 229608; 10.63; 10.63;;;12013
Komatsu do Brasil Ltda;2014-01-29;1;1001;1001; 247928; 10.32; 10.32;;;9573
Condomínio Edifício Delta Plaza;2014-01-28;1;600;600; 157824; 10.96; 10.96;;;8377
Condomínio Cidade Jardim Corporate Center;2013-11-01;1;1001;1001; 22002; 10.32; 10.32;;1625;18959
Instituto Educacional Professor Pasquale Cascino;2013-12-01;5;;1500; 1801800; 10.01; 10.01;;;
Associação Largo XIII;2014-01-31;5;3000;3000; 3488400; 9.69; 9.69;;;
Bombril SA;2014-01-31;1;;10001; 1766010; 9.08; 11.84;;;121949
Golden Shopping São Bernardo;2014-01-02;1;3000;3000; 697680; 9.69; 9.69;;;
Associação do Via Vale Garden Shopping;2014-02-25;1;3400;3400; 441456; 5.58; 5.58;;;45201
Bacardi-Martini do Brasil Indústria e Comércio Ltda ;2013-12-11;1;1300;1300; 209290; 10.32; 10.32;;;
Condomínio Infinity Master;2014-02-25;1;3000;3000; 697680; 9.69; 9.69;;;27109
Dimas de Melo Pimenta Sistemas de Ponto e Acesso Ltda;2014-03-28;1;500;500; 131520; 10.96; 10.96;;;4323
Associação Beneficente Providência Azul;2014-03-19;5;1240;1240; 1535616; 10.32; 10.32;;;
ISCP Sociedade Educacional SA;2014-03-21;1;850;850; 223584; 10.96; 10.96;;;5437
Brookfield Brasil Shopping Centers Administradora Ltda;2014-03-31;1;9000;; 1696680; 9.69; 6.02;;;86805
Clariant S/A;2014-04-18;1;12950;12950; 1732464; 9.08; 9.08;;;
Condomínio Comercial Shopping Pátio Higienópolis;2014-03-31;1;10001;10001; 1669367; 9.08; 4.83;;;84200
Bay Hill SP Administração Ltda;2014-03-25;1;;8000; 1621440; 9.69; 7.20;;;60162
Condomínio West Plaza Shopping Center I;2014-03-31;1;9000;; 1629720; 9.69; 5.40;;;62125
Sandvik do Brasil SA Indústria e Comércio / Dormer Tools S/A;2014-03-14;3;4500;4500; 3139560; 9.69; 9.69;;;
Comercial Frango Assado Ltda;2014-04-29;1;700;700; 106176; 6.32; 6.32;;;1628
Comil Ônibus S/A;2014-04-29;1;900;900; 136512; 6.32; 6.32;;;6257
Lua Nova Indústria e Comércio de Produtos Alimentícios Ltda;2014-04-30;1;3000;3000; 348840; 9.69;;;;
Prevent Senior Private Operadora de Saúde Ltda;2014-05-23;1;3000;3000; 697680; 9.69; 9.69;;;24150
Condomínio Edifício Sudameris;2014-05-01;5;600;600; 789120; 10.96; 10.96;;;3485
Sub Condomínio do Shopping Villa Lobos;2014-05-23;1;10001;10001; 1669367; 9.08; 4.83;;;51055
Serviço de Apoio às Micro e Pequenas Empresas do Estado de São Paulo - Sebrae S Paulo;2014-07-29;1;700;700; 184128; 10.96; 10.96;;;3184
Condomínio Edifício Bolsa de Imóveis do Estado de São Paulo;2014-06-27;5;1900;1900; 2352961; 10.32; 10.32;;;9571
Companhia de Processamento de Dados do Estado de São Paulo;2014-07-07;5;3398;3398; 790239; 9.69; 9.69;;;15834
São Paulo Transporte S/A - SPTrans;2014-08-11;5;20001;20001; 20353018; 8.48; 8.48;;;86259
Associação E-Business Park;2014-08-12;1;8000;8000; 1860480; 9.69; 9.69;;;27557
S A Fábrica de Produtos Alimentícios - Vigor ;2014-10-27;1;14000;14000; 2283120; 9.08; 4.51;;;
Condomínio Morumbi Corporate Towers;2014-09-25;5;3072;3072; 3572122; 9.69; 9.69;;;10158
Condomínio Centenário Plaza;2014-10-28;5;3800;3800; 4418640; 9.69; 9.69;;;
Sucocítrico Cutrale Ltda;2008-08-01;1;13772;12381; 788917; 5.31;;170153;186953;207219
Santos Futebol Clube;2012-03-21;1;1774;1031; 182116; 7.36; 7.36;;;
Tivit Terceirização de Processos. Serviços e Tecnologia S/A;2014-01-21;1;2318;1992; 390591; 8.17; 8.17;;;
Sindicato dos Comerciários de São Paulo;2014-04-15;1;973;1672; 327846; 8.17; 8.17;;;
San Michel Palace Hotel Ltda;2013-08-26;1;500;500; 73560; 6.13; 6.13;;;
Localfrio SA Armazéns Gerais Frigoríficos - Filial;21/3/2011;1;1226;1158; 95743; 6.89;;;;
Litoragua - Transportes e Serviços Ltda - EPP;2011-05-04;1;1489;4212; 326009; 6.45;;;;
Bunge Alimentos SA;2010-07-06;1;1850;1301; 206703; 6.62; 6.62;;;
Condomínio Shopping Pátio Iporanga;2010-12-01;1;1194;816; 143159; 7.31; 7.31;15147;15465;17908
Franzese Indústria e Comércio da Pesca Ltda;2011-01-01;1;1390;810; 71053; 7.31;;14816;15591;20857
Ecopátio Logística Cubatão;2011-01-01;1;2256;1231; 101779; 6.89;;24736;33843;28490
Ecopátio Logística Cubatão;2011-01-01;1;775;597; 52369; 7.31;;10020;15157;11631
Standard Logística e Distribuição SA;2011-01-05;1;2212;1291; 106740; 6.89;;;;
Terminal de Graneís do Guarujá S/A;2010-01-05;1;3193;4393; 326839; 6.20;;;;
Valim Serviços Técnicos Ltda;2009-11-27;1;5464;3000; 223200; 6.20;;;;
Embraer SA;2011-03-15;1;6500;6500; 734760; 4.71; 4.71;;;
Supermercado Ourinhos Ltda;31/7/2012;1;;1200;267840; 9.30; 9.30;;;
Moto Honda da Amazônia;20/4/2011;5;;540;599400; 9.25; 9.25;;;
Condomínio Franca Shopping Center;;1;;1920; 247449.60; 5.37; 5.37;;;
Condomínio do Serramar Parque Shopping;11/3/2013;1;;2000; 417600; 8.70; 8.70;;;
Associação Hospitalar Sino-Brasileiro;5/7/2010;1;;1200;241056; 8.37; 8.37;;;
Colégio Albert Sabin;10/3/2011;1;;500;111000; 9.25; 9.25;;;
Condominio Modular Castelo Branco I;13/6/2012;1;;600;71136; 9.88; 9.88;;;
Morumby Hotéis Ltda;22/1/2004;3;;5000;999000; 5.55;;;;
RR Donnelley Editora e Gráfica Ltda;3/6/2013;1;;1800;216216; 10.01;;;;
Edifício Monte Carlo Trade Center;2009;1;;500;94350; 9.25; 9.25;;;
Conjunto Comercial Petros/Iguatemi;10/8/2005;1;;10001;667267; 5.56;-;;;
Colgate Palmolive Industrila ltda Unidade Jaguaré;2011;1;;10001;2325808; 7.66;;;;
Centro de Estudos e Pesquisa Dr João Amorim;20/7/2011;1;;4000;783360; 8.16; 8.16;;;
Centro Empresarial Nações Unidas;4/1/2010;1;;10001;1353735; 7.36;;;;
Life Care Participações Hospitalares Ltda;26/1/2004;2;;5400;1438560; 5.55;;;;
CPM Braxis SA;25/6/2010;1;;2000;401760; 8.37; 8.37;;;
Dupont do Brasil SA;2012;1;;1001;219819; 9.30; 9.30;;;
Galvanoplastia Anchieta Ltda;13/6/2011;3;;1001;565756; 7.85;R $7.85;;;
Condominio Modular Castelo Branco II;13/6/2012;1;;500;71136; 9.88; 9.88;;;
Avon Cosmeticos Ltda;24/2/2014;5;;20001;14280714;7.66; 4.24;;;
Unipac Embalagens Ltda;15/5/2009;1;;3000;540720; 7.51;-;;;
Citrosuco Paulista SA;2002-12-30;1;;10001;830483; 3.46;;;;
Jockey Club de São Paulo;15/8/2008;1;;3000;257400; 7.15;;;;
Condomínio Shopping Jardim Sul;2008;1;;4000;686400; 7.15; 7.15;;;
Siol Alimentos Ltda;7/11/2007;1;;4000;343200; 7.15;;;;
Condomínio do Bourbon Shopping Pompeia;24/4/2009;1;;5000;858000; 7.15;;;;
Condomínio Empresarial Araguaia II;1/6/2012;1;;1700;189720; 9.30;;;;
Condomínio Edifício Atrium VI;27/4/2012;1;;1170;261144; 9.30; 9.30;;;
Blanver Farmoquímica Ltda;2013-10-11;1;;;168168;;;;;
Basf SA;19/5/2011;5;;20001;7550654; 6.45; 3.02;;;
Hércules Equipamentos de Proteção Ltda;4/9/2013;1;;500;127560; 10.63; 10.63;;;
Diosynth Produtos Farmaco-Químicos Ltda;1/3/2010;1;;3100;602112; 7.84;;;;
Casa Suíça Indústria Alimentícia;3/8/2010;1;;500;106680; 8.89; 8.89;;;
Cruzada Bandeirante São Camilo Assistencia Medica-Social;19/4/2012;1;;4200;878976; 8.72; 8.72;;;
Unidock's Assessoria e Logística de Materiais Ltda;31/7/2012;1;;800;189696; 9.88; 9.88;;;
Associação Edifício Odebrecht São Paulo;13/1/2014;1;;1001;247298; 10.32; 10.32;;;
Ecolab Química Ltda;2010-12-15;1;;1001;104624; 8.71;;;;
Hospital Ana Costa S/A;8/1/2010;1;;4612;686265; 6.20;;;;
Sanofi Aventis Farmacêutica Ltda;28/4/2010;1;;3000;282240; 7.84;;;;
Continental Automotive do Brasil Ltda;11/2/2011;1;;7000;395640; 4.71;;;;
Telecomunicações de São Paulo S/A - Telefônica;5/11/2003;5;;55804;13058136; 3.90;;;;
Condomínio Edificio Bienal First Class Flat Service;2012-10-29;1;;575;143382; 10.39; 10.39;;;
IOB Informações Objetivas Publicações Jurídicas Ltda;2012-11-28;1;;760;189513; 10.39; 10.39;;;
Mahle Metal Leve S/A;31/1/2013;3;;3000;4019486; 9.17; 5.12;;;
Mit2 Comércio de Veículos Ltda;2011-06-28;5;;500; 555000; 9.25; 9.25;;;
Mercedes Benz do Brasil Ltda;2012-10-17;5;;50000;28468800; 6.87;;;;
Slip Química;6/8/2013;1;;500;114804; 10.63; 10.63;;;
Videolar SA;3/12/2010;1;;800;170688; 8.89; 8.89;;;
Ibep Gráfica Ltda;Não informado;1;;2000;446400; 9.30; 9.30;;;
Titan Pneus do Brasil Ltda;11/8/2014;1;;3600;837216; 9.69; 9.69;;;
Denver Cotia;12/3/2008;1;;4000;806400; 8.40; 8.40;;;
Flint Ink do Brasil Ltda;2010-11-22;1;;1001;180892; 8.71;;;;
Cruzada Bandeirantes São Camilo Assistencia Medica-Social;28/4/2009;1;;8000;720960; 7.51;;;;
Brico Bread Alimentos Ltda;3/7/2012;1;;1001;111711; 9.30;;;;
Condomínio Edifício Plaza Alphaville;30/5/2011;1;;500;115450; 9.25;;;;
Rochaverá Desenvolvimento Imobiliário Ltda;4/1/2010;5;;10001;1353735; 7.36; 3.92;;;
Multi Investhors Empreendimentos e Participações Ltda;21/9/2010;1;;1001;Não informado; 8.37;;;;
Condomínio Hotel Villa Lobos;3/4/2012;1;;1001;111712; 9.30; 9.30;;;
Corneta Ltda;27/2/2013;1;;1001;117477; 9.78;;;;
Casa Bahia Comercial Ltda;22/7/2008;1;;3000;514800; 7.15;;;;
Nestlé Brasil Ltda;6/8/2012;5;;7000;6682200; 8.72; 7.19;;;
Alcon Laboratórios do Brasil Ltda (Novartis);2010-10-26;1;;1500; 313560; 8.71; 8.71;;;
Condomínio West Side;17/1/2011;1;;1001;177789; 8.71;;;;
Condomínio Edifício Guinzza Trade Center;30/7/2011;1;;1001;194467; 8.71;;;;
Osram do Brasil;2/9/2011;1;;1001;239063; 9.30; 9.30;;;
Concessionária da Linha 4 do Metrô;2012;1;;1001;; 9.30; 9.30;;;
Cecil S/A - Laminação de Metais;31/5/2012;1;;1001;111711; 9.30; 9.30;;;
Condomínio West Point;1/10/2010;1;;1001;177789; 8.71; 8.71;;;
Banco Bradesco SA;24/1/2014;1;;20442;4816024; 8.48; 8.48;;;
Condomínio Edifício Fortune Office Center;19/1/2011;1;;500;111000; 9.25; 9.25;;;
MC Construction Chemicals Brasil Industria e Comercio Ltda;5/11/2014;1;;500;160992; 10.32;;;;
Sabó Indústria e Comércio de Autopeças Ltda;22/8/2005;1;;12000;1601280; 5.56;;;;
Soplast Plásticos Soprados Ltda;2011-10-15;1;;1600;301440; 7.85; 7.85;;;
Semikron Semicondutores Ltda;14/2/2012;1;;2000;313920; 10.32; 10.32;;;
Condomínio Edifício Santa Filippa ;2012-06-14;1;;690;163613; 9.88; 9.88;;;
Condomínio Edifício e Galerias São Bento;1/12/2010;1;;1001;209249; 8.71; 8.71;;;
Glenmark Farmacêutica Ltda;2012-10-22;1;;700;211248; 10.39; 10.39;;;
Colbras Indústria e Comércio Ltda;21/2/2011;1;;1001;209249; 8.71; 8.71;;;
Centro Administrativo Rio Negro;12/4/2010;1;;3200;451584; 7.84; 7.84;;;
Rassini-NHK Autopeças Ltda;2013-12-23;1;;3500;590121; 9.69; 9.69;;;
Promax Produtos Máximos SA Indústria e Comércio;31/1/2011;1;;500;111000; 9.25; 9.25;;;
Fresh Start Bakeries Industrial Ltda;16/1/2012;3;;2500;1674000; 9.30; 9.30;;;
Banco do Estado de São Paulo SA - Banespa/Banco Santander Brasil SA;14/7/2004;2;;20376;2225059; 4.55;;;;
WLC Administradora de Imóveis;2012;1;;1400;; 9.30; 9.30;;;
Thyssenkrupp Bilstein Brasil Molas e Componentes de Suspensão Ltda;2010-04-28;1;;3000; 564480; 7.84; 7.84;;;
Bayer SA;24/4/2006;1;;5000;387600; 6.46;;;;
Mendes Hotéis Turismo e Administradora Ltda;31/1/2003;1;;17053;708041; 3.46;;;;
Mecano Pack Embalagens SA;2011-10-26;1;;500;111000; 9.25; 9.25;;;
Tower Automotive do Brasil SA;20/1/2009;1;;3000;270360; 7.51;;;;
Grupo Abril (Editora Abril/Abril Music/MTV Brasil/Editora Ática/DINAP SA);25/9/2002;2;;12546;1318836; 4.38;;;;
Astrazeneca do Brasil SA;1/12/2010;2;;2000;836160; 8.71; 8.71;;;
Altacoppo Indústria de Comércio de Produtos Descartáveis Ltda;31/8/2011;1;;1001;104624; 8.71; 8.71;;;
Ambiental Distribuidora de Água Ltda - EPP;2011;1;;1137;100420; 7.36;;;;
Crisália Produtos Químicos Farmacêuticos Ltda;2012-10-26;1;;3000;722963; 9.17; 9.17;;;
Cia Entrepostos Armazéns Gerais do Estado de São Paulo (CEAGESP);2001-10-31;1;;44000;24288000; 4.03; 5.17;;;
Banco Itaú S/A;3/5/2004;1;;30912;1643282; 4.43;;;;
Sociedade Beneficente Israelita Brasileira Hospital Albert Einstein;22/3/2011;1;;22418;13752770; 7.15; 7.15;;;
Volkswagen do Brasil Ltda;28/6/2002;1;;30001;1571413; 2.19;;;;
Condomínio Edifício Cidade Luz;12/8/2011;1;;857;190254; 9.25; 9.25;;;
Companhia Brasileira de Distribuição - Pão de Açúcar;13/6/2002;5;;47702;16740890; 3.25; 3.25;;;
Condomínio Edifício Convention Center Berrini;2012-12-28;1;;3000;660240; 9.17; 9.17;;;
Daiichi Sankyo Farmacêutica Brasil Ltda;2013;1;;1100;264264; 10.01;;;;
Mc Donald's Comércio de Alimentos Ltda;28/6/2002;5;;20001;4842241; 4.02; 4.02;;;
Condomínio Flamingo Alpha Mall;2012-12-11;1;;720;; 10.39; 10.39;;;
Condomínio Edifício Crystal Tower;2010-12-15;1;;600;116550; 9.25; 9.25;;;
Morumbi Town Center Empreendimentos Imobilíarios Ltda;2012;1;;500;; 10.39; 10.39;;;
Gelita do Brasil Ltda;2014-11-11;1;;500;; 10.96; 10.96;;;
