 1 º; São Caetano do Sul (SP); 0,862; 0,891; 0,887; 0,811
 2 º; Águas de São Pedro (SP); 0,854; 0,849; 0,890; 0,825
 6 º; Santos (SP); 0,840; 0,861; 0,852; 0,807
 11 º; Jundiaí (SP); 0,822; 0,834; 0,866; 0,768
 12 º; Valinhos (SP); 0,819; 0,848; 0,850; 0,763
 13 º; Vinhedo (SP); 0,817; 0,840; 0,878; 0,739
 14 º; Santo André (SP); 0,815; 0,819; 0,861; 0,769
 14 º; Araraquara (SP); 0,815; 0,788; 0,877; 0,782
 16 º; Santana de Parnaíba (SP); 0,814; 0,876; 0,849; 0,725
 18 º; Ilha Solteira (SP); 0,812; 0,786; 0,871; 0,782
 19 º; Americana (SP); 0,811; 0,800; 0,876; 0,760
 24 º; São José dos Campos (SP); 0,807; 0,804; 0,855; 0,764
 25 º; Presidente Prudente (SP); 0,806; 0,788; 0,858; 0,774
 28 º; São Paulo (SP); 0,805; 0,843; 0,855; 0,725
 28 º; Assis (SP); 0,805; 0,771; 0,865; 0,781
 28 º; Campinas (SP); 0,805; 0,829; 0,860; 0,731
 28 º; São Bernardo do Campo (SP); 0,805; 0,807; 0,861; 0,752
 28 º; São Carlos (SP); 0,805; 0,788; 0,863; 0,766
 34 º; Rio Claro (SP); 0,803; 0,784; 0,862; 0,766
 37 º; Bauru (SP); 0,801; 0,800; 0,854; 0,752
 37 º; Pirassununga (SP); 0,801; 0,789; 0,884; 0,736
 40 º; Taubaté (SP); 0,800; 0,778; 0,883; 0,746
 40 º; Ribeirão Preto (SP); 0,800; 0,820; 0,844; 0,739
 40 º; Botucatu (SP); 0,800; 0,790; 0,869; 0,746
 47 º; Marília (SP); 0,798; 0,768; 0,854; 0,776
 47 º; Sorocaba (SP); 0,798; 0,792; 0,843; 0,762
 47 º; Guaratinguetá (SP); 0,798; 0,764; 0,886; 0,751
 50 º; São João da Boa Vista (SP); 0,797; 0,776; 0,871; 0,749
 50 º; São José do Rio Preto (SP); 0,797; 0,801; 0,846; 0,748
 50 º; Fernandópolis (SP); 0,797; 0,767; 0,872; 0,758
 56 º; Paulínia (SP); 0,795; 0,800; 0,864; 0,727
 61 º; Holambra (SP); 0,793; 0,815; 0,878; 0,698
 62 º; Nova Odessa (SP); 0,791; 0,755; 0,861; 0,762
 62 º; Saltinho (SP); 0,791; 0,771; 0,857; 0,750
 67 º; Votuporanga (SP); 0,790; 0,772; 0,857; 0,744
 67 º; Santa Cruz da Conceição (SP); 0,790; 0,830; 0,876; 0,679
 67 º; Adamantina (SP); 0,790; 0,772; 0,852; 0,750
 71 º; Cândido Rodrigues (SP); 0,789; 0,747; 0,863; 0,762
 71 º; Barretos (SP); 0,789; 0,762; 0,875; 0,738
 76 º; Araçatuba (SP); 0,788; 0,782; 0,841; 0,744
 76 º; Cruzeiro (SP); 0,788; 0,742; 0,871; 0,758
 76 º; Mairiporã (SP); 0,788; 0,767; 0,881; 0,723
 76 º; Barra Bonita (SP); 0,788; 0,762; 0,869; 0,739
 76 º; Indaiatuba (SP); 0,788; 0,791; 0,837; 0,738
 76 º; Caçapava (SP); 0,788; 0,754; 0,858; 0,755
 85 º; Espírito Santo do Pinhal (SP); 0,787; 0,784; 0,872; 0,712
 87 º; Pompéia (SP); 0,786; 0,750; 0,864; 0,748
 87 º; Lins (SP); 0,786; 0,762; 0,869; 0,733
 87 º; Barueri (SP); 0,786; 0,791; 0,866; 0,708
 92 º; Piracicaba (SP); 0,785; 0,797; 0,848; 0,717
 92 º; Amparo (SP); 0,785; 0,780; 0,871; 0,711
 92 º; Catanduva (SP); 0,785; 0,767; 0,853; 0,740
 92 º; Tremembé (SP); 0,785; 0,769; 0,873; 0,720
 92 º; Monte Aprazível (SP); 0,785; 0,781; 0,861; 0,720
 100 º; Santa Fé do Sul (SP); 0,784; 0,763; 0,840; 0,751
 100 º; Ribeirão Pires (SP); 0,784; 0,749; 0,847; 0,760
 100 º; Jaguariúna (SP); 0,784; 0,782; 0,862; 0,715
 100 º; Arujá (SP); 0,784; 0,761; 0,866; 0,730
 100 º; Mogi Mirim (SP); 0,784; 0,767; 0,879; 0,715
 110 º; Mogi das Cruzes (SP); 0,783; 0,762; 0,851; 0,740
 113 º; Cerquilho (SP); 0,782; 0,758; 0,854; 0,739
 119 º; Caieiras (SP); 0,781; 0,740; 0,861; 0,749
 119 º; Águas da Prata (SP); 0,781; 0,750; 0,886; 0,716
 119 º; Santa Bárbara D'Oeste (SP); 0,781; 0,752; 0,867; 0,731
 119 º; Araras (SP); 0,781; 0,763; 0,859; 0,728
 128 º; Bebedouro (SP); 0,780; 0,756; 0,853; 0,735
 128 º; Franca (SP); 0,780; 0,749; 0,842; 0,753
 128 º; Boituva (SP); 0,780; 0,757; 0,861; 0,728
 128 º; Orlândia (SP); 0,780; 0,765; 0,882; 0,703
 128 º; Cotia (SP); 0,780; 0,789; 0,851; 0,707
 128 º; Birigui (SP); 0,780; 0,743; 0,869; 0,734
 128 º; Salto (SP); 0,780; 0,755; 0,837; 0,751
 141 º; Andradina (SP); 0,779; 0,762; 0,885; 0,702
 141 º; Piratininga (SP); 0,779; 0,762; 0,859; 0,723
 145 º; Ourinhos (SP); 0,778; 0,753; 0,859; 0,727
 145 º; Jaú (SP); 0,778; 0,768; 0,886; 0,693
 145 º; Tietê (SP); 0,778; 0,764; 0,884; 0,698
 145 º; Jaboticabal (SP); 0,778; 0,778; 0,851; 0,710
 145 º; Itatiba (SP); 0,778; 0,788; 0,844; 0,708
 157 º; José Bonifácio (SP); 0,777; 0,752; 0,869; 0,717
 157 º; Louveira (SP); 0,777; 0,783; 0,861; 0,697
 157 º; Jacareí (SP); 0,777; 0,749; 0,837; 0,749
 168 º; Iracemápolis (SP); 0,776; 0,742; 0,863; 0,729
 168 º; Bragança Paulista (SP); 0,776; 0,772; 0,861; 0,704
 168 º; Jales (SP); 0,776; 0,750; 0,855; 0,730
 168 º; Osasco (SP); 0,776; 0,776; 0,840; 0,718
 168 º; Araçoiaba da Serra (SP); 0,776; 0,751; 0,860; 0,723
 168 º; Pirapozinho (SP); 0,776; 0,740; 0,863; 0,733
 168 º; Dracena (SP); 0,776; 0,752; 0,842; 0,737
 178 º; Limeira (SP); 0,775; 0,761; 0,852; 0,719
 178 º; Santa Rita do Passa Quatro (SP); 0,775; 0,764; 0,887; 0,686
 185 º; Mogi Guaçu (SP); 0,774; 0,740; 0,852; 0,736
 185 º; Cruzália (SP); 0,774; 0,698; 0,853; 0,778
 185 º; São José do Rio Pardo (SP); 0,774; 0,744; 0,868; 0,717
 185 º; Pedrinhas Paulista (SP); 0,774; 0,749; 0,837; 0,739
 197 º; Itu (SP); 0,773; 0,782; 0,854; 0,692
 197 º; Auriflama (SP); 0,773; 0,746; 0,840; 0,738
 197 º; Santana da Ponte Pensa (SP); 0,773; 0,751; 0,840; 0,733
 197 º; Pindamonhangaba (SP); 0,773; 0,745; 0,843; 0,736
 197 º; Olímpia (SP); 0,773; 0,737; 0,867; 0,724
 197 º; Matão (SP); 0,773; 0,766; 0,847; 0,713
 197 º; Sebastianópolis do Sul (SP); 0,773; 0,748; 0,835; 0,740
 210 º; São Sebastião (SP); 0,772; 0,747; 0,875; 0,703
 210 º; Sales Oliveira (SP); 0,772; 0,738; 0,845; 0,739
 210 º; Monções (SP); 0,772; 0,731; 0,814; 0,773
 210 º; Santa Salete (SP); 0,772; 0,712; 0,864; 0,748
 220 º; Maracaí (SP); 0,771; 0,711; 0,850; 0,758
 220 º; Poá (SP); 0,771; 0,710; 0,856; 0,754
 220 º; Tupã (SP); 0,771; 0,764; 0,852; 0,704
 227 º; Ouroeste (SP); 0,770; 0,717; 0,866; 0,736
 227 º; Santa Rosa de Viterbo (SP); 0,770; 0,746; 0,868; 0,704
 227 º; Macatuba (SP); 0,770; 0,763; 0,859; 0,697
 227 º; Oriente (SP); 0,770; 0,717; 0,837; 0,761
 227 º; Vargem Grande Paulista (SP); 0,770; 0,755; 0,884; 0,683
 238 º; Tupi Paulista (SP); 0,769; 0,762; 0,835; 0,715
 238 º; Taboão da Serra (SP); 0,769; 0,742; 0,863; 0,710
 238 º; Cosmópolis (SP); 0,769; 0,746; 0,876; 0,697
 238 º; Campo Limpo Paulista (SP); 0,769; 0,733; 0,840; 0,739
 238 º; Garça (SP); 0,769; 0,737; 0,849; 0,728
 238 º; Pedreira (SP); 0,769; 0,750; 0,864; 0,701
 249 º; São Vicente (SP); 0,768; 0,738; 0,857; 0,716
 249 º; São Roque (SP); 0,768; 0,765; 0,863; 0,687
 249 º; Igarapava (SP); 0,768; 0,809; 0,835; 0,671
 249 º; Bilac (SP); 0,768; 0,743; 0,845; 0,722
 249 º; Monte Alto (SP); 0,768; 0,746; 0,859; 0,707
 249 º; Regente Feijó (SP); 0,768; 0,735; 0,818; 0,752
 265 º; Serra Negra (SP); 0,767; 0,764; 0,873; 0,676
 265 º; Votorantim (SP); 0,767; 0,720; 0,838; 0,747
 265 º; Orindiúva (SP); 0,767; 0,719; 0,824; 0,762
 265 º; Avaré (SP); 0,767; 0,751; 0,866; 0,695
 274 º; Cedral (SP); 0,766; 0,749; 0,872; 0,689
 274 º; Poloni (SP); 0,766; 0,736; 0,853; 0,717
 274 º; Mauá (SP); 0,766; 0,721; 0,852; 0,733
 274 º; Pereira Barreto (SP); 0,766; 0,728; 0,845; 0,732
 274 º; Alumínio (SP); 0,766; 0,729; 0,841; 0,732
 274 º; São Simão (SP); 0,766; 0,732; 0,852; 0,722
 274 º; Lorena (SP); 0,766; 0,736; 0,856; 0,713
 289 º; Ituverava (SP); 0,765; 0,768; 0,841; 0,694
 289 º; Atibaia (SP); 0,765; 0,786; 0,851; 0,670
 289 º; Suzano (SP); 0,765; 0,708; 0,873; 0,723
 289 º; Nova Europa (SP); 0,765; 0,718; 0,869; 0,718
 304 º; Lençóis Paulista (SP); 0,764; 0,743; 0,837; 0,717
 304 º; Cachoeira Paulista (SP); 0,764; 0,733; 0,837; 0,728
 304 º; Rosana (SP); 0,764; 0,749; 0,818; 0,728
 320 º; Presidente Venceslau (SP); 0,763; 0,749; 0,837; 0,708
 320 º; Guararapes (SP); 0,763; 0,727; 0,840; 0,726
 320 º; Itapetininga (SP); 0,763; 0,728; 0,864; 0,705
 320 º; Gabriel Monteiro (SP); 0,763; 0,721; 0,809; 0,762
 320 º; Buritama (SP); 0,763; 0,736; 0,839; 0,720
 320 º; Guarulhos (SP); 0,763; 0,746; 0,831; 0,717
 335 º; Paraguaçu Paulista (SP); 0,762; 0,717; 0,836; 0,739
 335 º; Sumaré (SP); 0,762; 0,744; 0,845; 0,705
 335 º; Itupeva (SP); 0,762; 0,750; 0,844; 0,699
 335 º; Mirassol (SP); 0,762; 0,748; 0,846; 0,698
 335 º; Osvaldo Cruz (SP); 0,762; 0,740; 0,837; 0,713
 335 º; Itapira (SP); 0,762; 0,750; 0,852; 0,692
 335 º; São Joaquim da Barra (SP); 0,762; 0,740; 0,847; 0,706
 335 º; Mococa (SP); 0,762; 0,756; 0,827; 0,709
 335 º; Santa Cruz do Rio Pardo (SP); 0,762; 0,744; 0,867; 0,686
 350 º; Indiana (SP); 0,761; 0,714; 0,843; 0,733
 350 º; Santa Rita D'Oeste (SP); 0,761; 0,711; 0,839; 0,740
 350 º; Batatais (SP); 0,761; 0,766; 0,840; 0,685
 350 º; Sertãozinho (SP); 0,761; 0,768; 0,855; 0,672
 366 º; Santa Adélia (SP); 0,760; 0,750; 0,835; 0,702
 366 º; Jandira (SP); 0,760; 0,738; 0,841; 0,706
 366 º; Taiúva (SP); 0,760; 0,732; 0,835; 0,718
 366 º; Descalvado (SP); 0,760; 0,740; 0,865; 0,687
 366 º; Estrela D'Oeste (SP); 0,760; 0,712; 0,873; 0,705
 383 º; Várzea Paulista (SP); 0,759; 0,720; 0,863; 0,705
 383 º; Penápolis (SP); 0,759; 0,748; 0,859; 0,680
 383 º; Monte Alegre do Sul (SP); 0,759; 0,752; 0,858; 0,678
 383 º; Taquaral (SP); 0,759; 0,742; 0,823; 0,716
 383 º; Caraguatatuba (SP); 0,759; 0,735; 0,845; 0,705
 383 º; Rio das Pedras (SP); 0,759; 0,741; 0,842; 0,700
 383 º; Inúbia Paulista (SP); 0,759; 0,688; 0,849; 0,750
 383 º; Rubinéia (SP); 0,759; 0,713; 0,844; 0,726
 400 º; Álvares Machado (SP); 0,758; 0,712; 0,834; 0,732
 400 º; Cordeirópolis (SP); 0,758; 0,754; 0,858; 0,674
 400 º; Fernando Prestes (SP); 0,758; 0,746; 0,859; 0,680
 400 º; Piraju (SP); 0,758; 0,740; 0,843; 0,699
 400 º; Porto Feliz (SP); 0,758; 0,737; 0,836; 0,706
 420 º; Presidente Bernardes (SP); 0,757; 0,718; 0,839; 0,719
 420 º; Santo Antônio do Aracanguá (SP); 0,757; 0,710; 0,840; 0,728
 420 º; Diadema (SP); 0,757; 0,717; 0,844; 0,716
 420 º; Águas de Santa Bárbara (SP); 0,757; 0,744; 0,840; 0,695
 420 º; Piquete (SP); 0,757; 0,711; 0,823; 0,740
 420 º; Colina (SP); 0,757; 0,720; 0,845; 0,712
 440 º; Ilhabela (SP); 0,756; 0,739; 0,843; 0,693
 440 º; Nova Castilho (SP); 0,756; 0,694; 0,823; 0,755
 440 º; Jambeiro (SP); 0,756; 0,727; 0,860; 0,690
 440 º; Cravinhos (SP); 0,756; 0,737; 0,857; 0,683
 440 º; Hortolândia (SP); 0,756; 0,716; 0,859; 0,703
 440 º; Bálsamo (SP); 0,756; 0,746; 0,835; 0,695
 440 º; Pirangi (SP); 0,756; 0,735; 0,837; 0,701
 453 º; São Pedro (SP); 0,755; 0,741; 0,863; 0,674
 453 º; Brodowski (SP); 0,755; 0,738; 0,864; 0,675
 453 º; Aparecida (SP); 0,755; 0,735; 0,828; 0,706
 453 º; Pongaí (SP); 0,755; 0,727; 0,844; 0,701
 467 º; Boracéia (SP); 0,754; 0,723; 0,866; 0,685
 467 º; Mongaguá (SP); 0,754; 0,719; 0,854; 0,699
 467 º; Analândia (SP); 0,754; 0,745; 0,861; 0,668
 467 º; Neves Paulista (SP); 0,754; 0,737; 0,823; 0,707
 467 º; Vera Cruz (SP); 0,754; 0,722; 0,830; 0,715
 467 º; Praia Grande (SP); 0,754; 0,744; 0,834; 0,692
 467 º; Corumbataí (SP); 0,754; 0,728; 0,841; 0,700
 467 º; Registro (SP); 0,754; 0,718; 0,851; 0,702
 488 º; Ipeúna (SP); 0,753; 0,737; 0,845; 0,685
 488 º; Palmeira D'Oeste (SP); 0,753; 0,720; 0,829; 0,714
 488 º; Monte Azul Paulista (SP); 0,753; 0,733; 0,843; 0,690
 488 º; Tarumã (SP); 0,753; 0,738; 0,852; 0,680
 488 º; Santo Anastácio (SP); 0,753; 0,725; 0,854; 0,689
 488 º; Magda (SP); 0,753; 0,724; 0,823; 0,717
 488 º; Três Fronteiras (SP); 0,753; 0,710; 0,829; 0,726
 488 º; Novo Horizonte (SP); 0,753; 0,741; 0,865; 0,665
 488 º; Guaíra (SP); 0,753; 0,759; 0,824; 0,683
 508 º; Marapoama (SP); 0,752; 0,736; 0,852; 0,679
 508 º; Tatuí (SP); 0,752; 0,734; 0,842; 0,688
 508 º; Lucélia (SP); 0,752; 0,728; 0,841; 0,695
 526 º; Nhandeara (SP); 0,751; 0,755; 0,835; 0,672
 526 º; Indiaporã (SP); 0,751; 0,714; 0,835; 0,710
 526 º; Guarujá (SP); 0,751; 0,729; 0,854; 0,679
 526 º; Porto Ferreira (SP); 0,751; 0,736; 0,827; 0,696
 526 º; Rancharia (SP); 0,751; 0,720; 0,861; 0,683
 526 º; Sales (SP); 0,751; 0,708; 0,859; 0,697
 526 º; Ubatuba (SP); 0,751; 0,741; 0,841; 0,679
 526 º; Turiúba (SP); 0,751; 0,713; 0,824; 0,721
 526 º; Américo Brasiliense (SP); 0,751; 0,709; 0,852; 0,701
 526 º; Bastos (SP); 0,751; 0,696; 0,848; 0,718
 526 º; Tapiratiba (SP); 0,751; 0,703; 0,870; 0,692
 526 º; Catiguá (SP); 0,751; 0,734; 0,852; 0,676
 526 º; Mirandópolis (SP); 0,751; 0,732; 0,869; 0,665
 551 º; Presidente Epitácio (SP); 0,750; 0,714; 0,845; 0,700
 551 º; Bariri (SP); 0,750; 0,736; 0,867; 0,662
 551 º; Capivari (SP); 0,750; 0,744; 0,848; 0,669
 551 º; São João do Pau D'Alho (SP); 0,750; 0,714; 0,854; 0,692
 562 º; União Paulista (SP); 0,749; 0,697; 0,863; 0,699
 562 º; Campos do Jordão (SP); 0,749; 0,761; 0,852; 0,648
 562 º; Embu-Guaçu (SP); 0,749; 0,713; 0,834; 0,708
 562 º; Oscar Bressane (SP); 0,749; 0,713; 0,823; 0,715
 562 º; Terra Roxa (SP); 0,749; 0,732; 0,838; 0,684
 562 º; Ipuã (SP); 0,749; 0,759; 0,848; 0,654
 562 º; Peruíbe (SP); 0,749; 0,730; 0,854; 0,675
 562 º; Rio Grande da Serra (SP); 0,749; 0,684; 0,823; 0,745
 562 º; Paraíso (SP); 0,749; 0,751; 0,837; 0,668
 562 º; Carapicuíba (SP); 0,749; 0,721; 0,842; 0,693
 562 º; Pirajuí (SP); 0,749; 0,734; 0,853; 0,672
 562 º; Artur Nogueira (SP); 0,749; 0,745; 0,827; 0,681
 583 º; São João de Iracema (SP); 0,748; 0,682; 0,833; 0,738
 583 º; Duartina (SP); 0,748; 0,716; 0,837; 0,698
 583 º; Tanabi (SP); 0,748; 0,735; 0,829; 0,687
 583 º; Taquaritinga (SP); 0,748; 0,727; 0,827; 0,696
 599 º; Floreal (SP); 0,747; 0,710; 0,808; 0,726
 599 º; Ibitinga (SP); 0,747; 0,738; 0,846; 0,667
 599 º; General Salgado (SP); 0,747; 0,734; 0,808; 0,702
 599 º; Cândido Mota (SP); 0,747; 0,701; 0,845; 0,704
 599 º; Sud Mennucci (SP); 0,747; 0,743; 0,809; 0,694
 599 º; Potirendaba (SP); 0,747; 0,737; 0,857; 0,661
 599 º; Ribeirão do Sul (SP); 0,747; 0,753; 0,818; 0,676
 599 º; Elisiário (SP); 0,747; 0,711; 0,825; 0,712
 628 º; Nuporanga (SP); 0,746; 0,730; 0,866; 0,656
 628 º; Urânia (SP); 0,746; 0,727; 0,804; 0,709
 628 º; Borá (SP); 0,746; 0,712; 0,863; 0,675
 628 º; Bady Bassitt (SP); 0,746; 0,737; 0,805; 0,701
 628 º; Palmital (SP); 0,746; 0,727; 0,814; 0,702
 648 º; Itanhaém (SP); 0,745; 0,716; 0,823; 0,701
 648 º; Iacanga (SP); 0,745; 0,721; 0,851; 0,675
 648 º; Rafard (SP); 0,745; 0,722; 0,823; 0,696
 648 º; Echaporã (SP); 0,745; 0,719; 0,834; 0,690
 648 º; Urupês (SP); 0,745; 0,741; 0,817; 0,683
 648 º; Águas de Lindóia (SP); 0,745; 0,725; 0,846; 0,675
 648 º; Agudos (SP); 0,745; 0,705; 0,845; 0,694
 648 º; Américo de Campos (SP); 0,745; 0,715; 0,817; 0,708
 648 º; Junqueirópolis (SP); 0,745; 0,727; 0,860; 0,662
 667 º; Torrinha (SP); 0,744; 0,734; 0,852; 0,658
 667 º; Dumont (SP); 0,744; 0,720; 0,849; 0,674
 667 º; Itápolis (SP); 0,744; 0,738; 0,836; 0,667
 667 º; Bento de Abreu (SP); 0,744; 0,706; 0,820; 0,712
 667 º; Leme (SP); 0,744; 0,729; 0,851; 0,665
 667 º; São Manuel (SP); 0,744; 0,735; 0,805; 0,695
 667 º; Mendonça (SP); 0,744; 0,720; 0,863; 0,663
 667 º; Vista Alegre do Alto (SP); 0,744; 0,726; 0,840; 0,676
 667 º; Arealva (SP); 0,744; 0,718; 0,840; 0,683
 695 º; Santa Cruz da Esperança (SP); 0,743; 0,719; 0,832; 0,686
 695 º; Nova Luzitânia (SP); 0,743; 0,705; 0,808; 0,719
 695 º; Macaubal (SP); 0,743; 0,720; 0,844; 0,676
 695 º; Promissão (SP); 0,743; 0,724; 0,850; 0,666
 695 º; Mairinque (SP); 0,743; 0,721; 0,831; 0,684
 695 º; Guatapará (SP); 0,743; 0,724; 0,822; 0,688
 695 º; Mira Estrela (SP); 0,743; 0,697; 0,806; 0,731
 719 º; Pedranópolis (SP); 0,742; 0,698; 0,854; 0,684
 719 º; Itapecerica da Serra (SP); 0,742; 0,699; 0,852; 0,687
 719 º; Lourdes (SP); 0,742; 0,697; 0,816; 0,717
 719 º; Bocaina (SP); 0,742; 0,741; 0,840; 0,656
 719 º; Lindóia (SP); 0,742; 0,722; 0,864; 0,654
 719 º; Cafelândia (SP); 0,742; 0,714; 0,867; 0,661
 719 º; Dolcinópolis (SP); 0,742; 0,699; 0,825; 0,709
 743 º; Jumirim (SP); 0,741; 0,721; 0,863; 0,655
 743 º; Anhumas (SP); 0,741; 0,683; 0,845; 0,706
 743 º; Motuca (SP); 0,741; 0,685; 0,859; 0,691
 743 º; Dirce Reis (SP); 0,741; 0,686; 0,842; 0,704
 743 º; João Ramalho (SP); 0,741; 0,701; 0,818; 0,710
 743 º; Monte Castelo (SP); 0,741; 0,706; 0,814; 0,709
 743 º; Miguelópolis (SP); 0,741; 0,712; 0,863; 0,661
 743 º; Alfredo Marcondes (SP); 0,741; 0,682; 0,840; 0,710
 743 º; Teodoro Sampaio (SP); 0,741; 0,699; 0,856; 0,679
 764 º; Brotas (SP); 0,740; 0,724; 0,815; 0,688
 764 º; Aramina (SP); 0,740; 0,723; 0,856; 0,656
 764 º; Ibirá (SP); 0,740; 0,741; 0,841; 0,650
 764 º; Macedônia (SP); 0,740; 0,705; 0,852; 0,675
 764 º; Rifaina (SP); 0,740; 0,713; 0,824; 0,690
 764 º; Santópolis do Aguapeí (SP); 0,740; 0,680; 0,830; 0,719
 764 º; Estiva Gerbi (SP); 0,740; 0,716; 0,815; 0,695
 764 º; Estrela do Norte (SP); 0,740; 0,693; 0,818; 0,714
 795 º; Guaiçara (SP); 0,739; 0,697; 0,853; 0,679
 795 º; Santa Mercedes (SP); 0,739; 0,683; 0,847; 0,699
 795 º; Viradouro (SP); 0,739; 0,717; 0,823; 0,683
 795 º; Pederneiras (SP); 0,739; 0,738; 0,812; 0,673
 795 º; Manduri (SP); 0,739; 0,730; 0,818; 0,675
 795 º; Piracaia (SP); 0,739; 0,758; 0,851; 0,625
 795 º; Nova Granada (SP); 0,739; 0,727; 0,818; 0,680
 823 º; Santa Ernestina (SP); 0,738; 0,716; 0,802; 0,699
 823 º; Dourado (SP); 0,738; 0,718; 0,811; 0,689
 823 º; Santa Isabel (SP); 0,738; 0,700; 0,834; 0,689
 823 º; Cabreúva (SP); 0,738; 0,717; 0,828; 0,678
 823 º; Ferraz de Vasconcelos (SP); 0,738; 0,691; 0,828; 0,703
 823 º; Quatá (SP); 0,738; 0,706; 0,814; 0,700
 823 º; Mirassolândia (SP); 0,738; 0,704; 0,829; 0,690
 823 º; Nova Aliança (SP); 0,738; 0,710; 0,826; 0,684
 823 º; Onda Verde (SP); 0,738; 0,693; 0,863; 0,671
 850 º; Braúna (SP); 0,737; 0,725; 0,830; 0,664
 850 º; Pindorama (SP); 0,737; 0,726; 0,842; 0,654
 850 º; Cubatão (SP); 0,737; 0,716; 0,821; 0,681
 850 º; Vargem Grande do Sul (SP); 0,737; 0,721; 0,863; 0,643
 850 º; Parapuã (SP); 0,737; 0,693; 0,830; 0,696
 850 º; Santa Gertrudes (SP); 0,737; 0,723; 0,847; 0,654
 850 º; Roseira (SP); 0,737; 0,691; 0,823; 0,704
 850 º; Guaraci (SP); 0,737; 0,698; 0,840; 0,682
 850 º; Santa Lúcia (SP); 0,737; 0,696; 0,818; 0,703
 876 º; Turmalina (SP); 0,736; 0,724; 0,817; 0,675
 876 º; Pereiras (SP); 0,736; 0,717; 0,873; 0,637
 876 º; Pariquera-Açu (SP); 0,736; 0,682; 0,862; 0,678
 876 º; Iepê (SP); 0,736; 0,700; 0,814; 0,700
 876 º; Charqueada (SP); 0,736; 0,720; 0,820; 0,675
 876 º; Conchas (SP); 0,736; 0,725; 0,837; 0,658
 897 º; Valentim Gentil (SP); 0,735; 0,708; 0,810; 0,692
 897 º; Buritizal (SP); 0,735; 0,743; 0,830; 0,643
 897 º; Itapevi (SP); 0,735; 0,687; 0,855; 0,677
 897 º; Presidente Alves (SP); 0,735; 0,711; 0,811; 0,689
 897 º; Santa Branca (SP); 0,735; 0,706; 0,828; 0,678
 897 º; Aspásia (SP); 0,735; 0,699; 0,864; 0,657
 897 º; Nova Independência (SP); 0,735; 0,675; 0,827; 0,711
 897 º; Jardinópolis (SP); 0,735; 0,728; 0,853; 0,640
 897 º; Embu (SP); 0,735; 0,700; 0,839; 0,676
 897 º; Glicério (SP); 0,735; 0,735; 0,858; 0,630
 897 º; Tabapuã (SP); 0,735; 0,726; 0,820; 0,666
 920 º; Bernardino de Campos (SP); 0,734; 0,713; 0,838; 0,662
 920 º; Divinolândia (SP); 0,734; 0,720; 0,850; 0,645
 920 º; Cristais Paulista (SP); 0,734; 0,723; 0,802; 0,682
 920 º; Cássia dos Coqueiros (SP); 0,734; 0,680; 0,864; 0,673
 920 º; Rincão (SP); 0,734; 0,701; 0,826; 0,682
 920 º; Cajobi (SP); 0,734; 0,714; 0,822; 0,674
 940 º; Santa Clara D'Oeste (SP); 0,733; 0,712; 0,804; 0,687
 940 º; Ariranha (SP); 0,733; 0,730; 0,813; 0,663
 940 º; Monte Mor (SP); 0,733; 0,713; 0,863; 0,639
 940 º; Jarinu (SP); 0,733; 0,723; 0,826; 0,659
 940 º; Iacri (SP); 0,733; 0,701; 0,857; 0,655
 940 º; Lucianópolis (SP); 0,733; 0,736; 0,809; 0,662
 940 º; Pradópolis (SP); 0,733; 0,738; 0,822; 0,650
 940 º; Bananal (SP); 0,733; 0,693; 0,872; 0,653
 965 º; Pontes Gestal (SP); 0,732; 0,705; 0,805; 0,690
 965 º; Paranapuã (SP); 0,732; 0,712; 0,842; 0,655
 965 º; Palestina (SP); 0,732; 0,717; 0,848; 0,645
 965 º; Piacatu (SP); 0,732; 0,681; 0,843; 0,684
 965 º; Quintana (SP); 0,732; 0,689; 0,811; 0,703
 965 º; Engenheiro Coelho (SP); 0,732; 0,720; 0,815; 0,668
 965 º; Itapeva (SP); 0,732; 0,702; 0,803; 0,697
 965 º; Guarani D'Oeste (SP); 0,732; 0,682; 0,806; 0,714
 965 º; Fartura (SP); 0,732; 0,699; 0,867; 0,648
 965 º; Salesópolis (SP); 0,732; 0,687; 0,829; 0,690
 965 º; Santo Expedito (SP); 0,732; 0,664; 0,828; 0,714
 993 º; Franco da Rocha (SP); 0,731; 0,702; 0,852; 0,654
 993 º; Meridiano (SP); 0,731; 0,717; 0,817; 0,667
 993 º; Tambaú (SP); 0,731; 0,729; 0,858; 0,624
 993 º; Castilho (SP); 0,731; 0,688; 0,827; 0,686
 993 º; Marinópolis (SP); 0,731; 0,681; 0,825; 0,694
 993 º; Guararema (SP); 0,731; 0,729; 0,817; 0,656
 993 º; Luís Antônio (SP); 0,731; 0,709; 0,822; 0,671
 1021 º; Bertioga (SP); 0,730; 0,727; 0,817; 0,654
 1021 º; Itajobi (SP); 0,730; 0,727; 0,832; 0,644
 1021 º; Sagres (SP); 0,730; 0,692; 0,830; 0,677
 1021 º; Patrocínio Paulista (SP); 0,730; 0,696; 0,826; 0,678
 1021 º; Mineiros do Tietê (SP); 0,730; 0,719; 0,823; 0,658
 1021 º; Casa Branca (SP); 0,730; 0,727; 0,835; 0,640
 1021 º; Óleo (SP); 0,730; 0,713; 0,858; 0,637
 1021 º; Adolfo (SP); 0,730; 0,710; 0,844; 0,648
 1021 º; Embaúba (SP); 0,730; 0,723; 0,840; 0,641
 1021 º; Altinópolis (SP); 0,730; 0,726; 0,843; 0,635
 1021 º; Borborema (SP); 0,730; 0,710; 0,831; 0,658
 1021 º; Ipiguá (SP); 0,730; 0,696; 0,839; 0,666
 1052 º; Socorro (SP); 0,729; 0,737; 0,828; 0,634
 1052 º; Caiabu (SP); 0,729; 0,682; 0,823; 0,691
 1052 º; Serrana (SP); 0,729; 0,713; 0,835; 0,650
 1052 º; Zacarias (SP); 0,729; 0,695; 0,826; 0,674
 1052 º; Laranjal Paulista (SP); 0,729; 0,732; 0,829; 0,639
 1052 º; Salto de Pirapora (SP); 0,729; 0,699; 0,834; 0,665
 1052 º; Cerqueira César (SP); 0,729; 0,710; 0,821; 0,666
 1052 º; Chavantes (SP); 0,729; 0,713; 0,828; 0,655
 1052 º; Lavrinhas (SP); 0,729; 0,665; 0,823; 0,707
 1081 º; Reginópolis (SP); 0,728; 0,715; 0,817; 0,660
 1081 º; Guaimbê (SP); 0,728; 0,675; 0,830; 0,689
 1081 º; Sabino (SP); 0,728; 0,708; 0,813; 0,671
 1081 º; Cajamar (SP); 0,728; 0,713; 0,810; 0,668
 1081 º; Santa Cruz das Palmeiras (SP); 0,728; 0,746; 0,815; 0,635
 1081 º; Álvares Florence (SP); 0,728; 0,701; 0,806; 0,683
 1081 º; Tuiuti (SP); 0,728; 0,702; 0,871; 0,630
 1081 º; Santa Albertina (SP); 0,728; 0,716; 0,809; 0,665
 1081 º; São Lourenço da Serra (SP); 0,728; 0,704; 0,823; 0,666
 1107 º; Flora Rica (SP); 0,727; 0,668; 0,796; 0,723
 1107 º; Pirapora do Bom Jesus (SP); 0,727; 0,679; 0,810; 0,698
 1107 º; Igaraçu do Tietê (SP); 0,727; 0,691; 0,838; 0,664
 1107 º; Ubirajara (SP); 0,727; 0,689; 0,829; 0,674
 1107 º; Herculândia (SP); 0,727; 0,680; 0,809; 0,698
 1107 º; Pardinho (SP); 0,727; 0,718; 0,821; 0,652
 1107 º; Emilianópolis (SP); 0,727; 0,690; 0,805; 0,691
 1107 º; Ipaussu (SP); 0,727; 0,713; 0,828; 0,650
 1133 º; Nova Guataporanga (SP); 0,726; 0,707; 0,842; 0,644
 1133 º; Tarabai (SP); 0,726; 0,666; 0,823; 0,697
 1133 º; Iguape (SP); 0,726; 0,691; 0,847; 0,653
 1133 º; Murutinga do Sul (SP); 0,726; 0,703; 0,847; 0,643
 1154 º; Pacaembu (SP); 0,725; 0,717; 0,843; 0,631
 1154 º; Pinhalzinho (SP); 0,725; 0,707; 0,808; 0,666
 1154 º; Valparaíso (SP); 0,725; 0,719; 0,825; 0,643
 1154 º; Itapuí (SP); 0,725; 0,716; 0,841; 0,633
 1154 º; Vitória Brasil (SP); 0,725; 0,686; 0,811; 0,685
 1154 º; Ilha Comprida (SP); 0,725; 0,696; 0,823; 0,666
 1154 º; Paulo de Faria (SP); 0,725; 0,721; 0,800; 0,662
 1154 º; Guapiaçu (SP); 0,725; 0,728; 0,866; 0,605
 1154 º; Barrinha (SP); 0,725; 0,711; 0,829; 0,646
 1154 º; Clementina (SP); 0,725; 0,704; 0,821; 0,660
 1154 º; Dois Córregos (SP); 0,725; 0,725; 0,853; 0,616
 1154 º; Pontal (SP); 0,725; 0,718; 0,838; 0,633
 1191 º; Lupércio (SP); 0,724; 0,679; 0,830; 0,674
 1191 º; Mesópolis (SP); 0,724; 0,674; 0,847; 0,666
 1191 º; Itirapina (SP); 0,724; 0,734; 0,813; 0,636
 1191 º; Mirante do Paranapanema (SP); 0,724; 0,670; 0,841; 0,674
 1217 º; Jaci (SP); 0,723; 0,700; 0,818; 0,659
 1217 º; Rinópolis (SP); 0,723; 0,696; 0,843; 0,644
 1217 º; Pitangueiras (SP); 0,723; 0,699; 0,830; 0,651
 1217 º; Gastão Vidigal (SP); 0,723; 0,727; 0,817; 0,635
 1217 º; São Francisco (SP); 0,723; 0,705; 0,814; 0,658
 1217 º; Taciba (SP); 0,723; 0,682; 0,809; 0,684
 1244 º; Alvinlândia (SP); 0,722; 0,721; 0,791; 0,659
 1244 º; Arco-Íris (SP); 0,722; 0,671; 0,809; 0,694
 1244 º; Panorama (SP); 0,722; 0,724; 0,814; 0,639
 1244 º; Trabiju (SP); 0,722; 0,666; 0,811; 0,697
 1244 º; Cardoso (SP); 0,722; 0,695; 0,853; 0,636
 1244 º; Cosmorama (SP); 0,722; 0,705; 0,849; 0,630
 1244 º; Queluz (SP); 0,722; 0,665; 0,823; 0,687
 1244 º; Palmares Paulista (SP); 0,722; 0,698; 0,837; 0,645
 1266 º; Lavínia (SP); 0,721; 0,698; 0,820; 0,655
 1266 º; Parisi (SP); 0,721; 0,720; 0,842; 0,619
 1266 º; Martinópolis (SP); 0,721; 0,703; 0,832; 0,641
 1266 º; Ribeirão dos Índios (SP); 0,721; 0,661; 0,809; 0,701
 1266 º; Rubiácea (SP); 0,721; 0,684; 0,820; 0,668
 1266 º; Aparecida D'Oeste (SP); 0,721; 0,697; 0,804; 0,670
 1266 º; Anhembi (SP); 0,721; 0,681; 0,863; 0,637
 1266 º; Uchoa (SP); 0,721; 0,708; 0,823; 0,644
 1266 º; Capão Bonito (SP); 0,721; 0,675; 0,826; 0,671
 1301 º; São João das Duas Pontes (SP); 0,720; 0,675; 0,806; 0,686
 1301 º; São Bento do Sapucaí (SP); 0,720; 0,719; 0,812; 0,638
 1301 º; Lutécia (SP); 0,720; 0,670; 0,846; 0,659
 1301 º; Itapura (SP); 0,720; 0,682; 0,813; 0,673
 1301 º; Icém (SP); 0,720; 0,716; 0,806; 0,646
 1301 º; Caconde (SP); 0,720; 0,701; 0,858; 0,620
 1301 º; Cananéia (SP); 0,720; 0,677; 0,851; 0,649
 1331 º; Itaporanga (SP); 0,719; 0,681; 0,835; 0,653
 1331 º; Iperó (SP); 0,719; 0,680; 0,814; 0,672
 1331 º; Gavião Peixoto (SP); 0,719; 0,687; 0,802; 0,676
 1331 º; Guaraçaí (SP); 0,719; 0,699; 0,803; 0,663
 1331 º; Platina (SP); 0,719; 0,691; 0,824; 0,652
 1331 º; Planalto (SP); 0,719; 0,683; 0,853; 0,639
 1331 º; Angatuba (SP); 0,719; 0,693; 0,827; 0,648
 1331 º; Coroados (SP); 0,719; 0,704; 0,816; 0,648
 1331 º; Novais (SP); 0,719; 0,712; 0,822; 0,634
 1331 º; Salmourão (SP); 0,719; 0,678; 0,846; 0,649
 1331 º; Guariba (SP); 0,719; 0,712; 0,811; 0,645
 1331 º; Mombuca (SP); 0,719; 0,746; 0,820; 0,607
 1331 º; Paraibuna (SP); 0,719; 0,709; 0,815; 0,642
 1362 º; Dobrada (SP); 0,718; 0,691; 0,818; 0,655
 1362 º; Guará (SP); 0,718; 0,710; 0,826; 0,630
 1362 º; Paulistânia (SP); 0,718; 0,683; 0,817; 0,663
 1362 º; Mariápolis (SP); 0,718; 0,684; 0,830; 0,651
 1362 º; Narandiba (SP); 0,718; 0,659; 0,839; 0,670
 1398 º; Ocauçu (SP); 0,717; 0,679; 0,830; 0,653
 1398 º; Paranapanema (SP); 0,717; 0,697; 0,839; 0,631
 1398 º; Itobi (SP); 0,717; 0,697; 0,820; 0,646
 1398 º; Campina do Monte Alegre (SP); 0,717; 0,687; 0,846; 0,634
 1398 º; Jacupiranga (SP); 0,717; 0,687; 0,832; 0,644
 1398 º; Getulina (SP); 0,717; 0,696; 0,813; 0,652
 1427 º; Piedade (SP); 0,716; 0,694; 0,848; 0,624
 1427 º; Júlio Mesquita (SP); 0,716; 0,659; 0,813; 0,686
 1454 º; Pedregulho (SP); 0,715; 0,716; 0,820; 0,623
 1454 º; Morungaba (SP); 0,715; 0,726; 0,802; 0,627
 1454 º; Aguaí (SP); 0,715; 0,703; 0,858; 0,606
 1454 º; Nova Canaã Paulista (SP); 0,715; 0,673; 0,806; 0,675
 1454 º; Queiroz (SP); 0,715; 0,662; 0,811; 0,681
 1454 º; Severínia (SP); 0,715; 0,709; 0,807; 0,638
 1454 º; Flórida Paulista (SP); 0,715; 0,702; 0,807; 0,646
 1486 º; Populina (SP); 0,714; 0,699; 0,804; 0,647
 1486 º; Nantes (SP); 0,714; 0,655; 0,790; 0,702
 1486 º; Santo Antônio do Jardim (SP); 0,714; 0,703; 0,835; 0,620
 1486 º; Avaí (SP); 0,714; 0,674; 0,830; 0,650
 1486 º; Torre de Pedra (SP); 0,714; 0,679; 0,829; 0,647
 1486 º; Itaquaquecetuba (SP); 0,714; 0,665; 0,844; 0,648
 1514 º; Florínia (SP); 0,713; 0,678; 0,820; 0,652
 1514 º; Bom Jesus dos Perdões (SP); 0,713; 0,716; 0,802; 0,631
 1514 º; Cajuru (SP); 0,713; 0,693; 0,825; 0,633
 1514 º; Irapuã (SP); 0,713; 0,688; 0,844; 0,624
 1514 º; Itaí (SP); 0,713; 0,692; 0,830; 0,630
 1514 º; Guarantã (SP); 0,713; 0,698; 0,832; 0,623
 1514 º; Nipoã (SP); 0,713; 0,701; 0,814; 0,636
 1546 º; Ribeirão Bonito (SP); 0,712; 0,712; 0,811; 0,625
 1546 º; Irapuru (SP); 0,712; 0,691; 0,839; 0,622
 1546 º; Morro Agudo (SP); 0,712; 0,716; 0,836; 0,604
 1546 º; Biritiba-Mirim (SP); 0,712; 0,710; 0,795; 0,640
 1546 º; Alambari (SP); 0,712; 0,682; 0,805; 0,658
 1546 º; Uru (SP); 0,712; 0,678; 0,832; 0,639
 1574 º; Barão de Antonina (SP); 0,711; 0,676; 0,820; 0,649
 1574 º; Jaborandi (SP); 0,711; 0,679; 0,845; 0,627
 1574 º; Paulicéia (SP); 0,711; 0,692; 0,811; 0,640
 1574 º; Ribeirão Corrente (SP); 0,711; 0,688; 0,814; 0,642
 1574 º; Igaratá (SP); 0,711; 0,683; 0,855; 0,616
 1574 º; Piquerobi (SP); 0,711; 0,669; 0,836; 0,644
 1595 º; São Miguel Arcanjo (SP); 0,710; 0,708; 0,799; 0,633
 1595 º; Colômbia (SP); 0,710; 0,689; 0,802; 0,647
 1595 º; Brejo Alegre (SP); 0,710; 0,702; 0,826; 0,618
 1595 º; Apiaí (SP); 0,710; 0,662; 0,835; 0,647
 1595 º; Ibiúna (SP); 0,710; 0,700; 0,832; 0,614
 1595 º; Monteiro Lobato (SP); 0,710; 0,692; 0,826; 0,627
 1595 º; Timburi (SP); 0,710; 0,688; 0,826; 0,629
 1595 º; Taiaçu (SP); 0,710; 0,701; 0,814; 0,628
 1638 º; Taguaí (SP); 0,709; 0,690; 0,818; 0,631
 1638 º; Sandovalina (SP); 0,709; 0,665; 0,812; 0,659
 1638 º; Juquitiba (SP); 0,709; 0,680; 0,791; 0,662
 1638 º; Gália (SP); 0,709; 0,684; 0,823; 0,634
 1665 º; Ibirarema (SP); 0,708; 0,692; 0,817; 0,628
 1665 º; Conchal (SP); 0,708; 0,699; 0,827; 0,614
 1696 º; Sarapuí (SP); 0,707; 0,699; 0,814; 0,621
 1696 º; Itirapuã (SP); 0,707; 0,673; 0,826; 0,636
 1720 º; Itatinga (SP); 0,706; 0,685; 0,841; 0,610
 1720 º; Santo Antônio do Pinhal (SP); 0,706; 0,685; 0,812; 0,632
 1720 º; Campos Novos Paulista (SP); 0,706; 0,670; 0,824; 0,638
 1720 º; Cesário Lange (SP); 0,706; 0,715; 0,804; 0,611
 1756 º; Avanhandava (SP); 0,705; 0,688; 0,817; 0,623
 1756 º; Itaju (SP); 0,705; 0,696; 0,823; 0,613
 1756 º; Ribeirão Grande (SP); 0,705; 0,643; 0,807; 0,676
 1756 º; Borebi (SP); 0,705; 0,674; 0,846; 0,615
 1756 º; Restinga (SP); 0,705; 0,664; 0,826; 0,639
 1756 º; Bofete (SP); 0,705; 0,700; 0,821; 0,609
 1776 º; Salto Grande (SP); 0,704; 0,664; 0,825; 0,637
 1776 º; Euclides da Cunha Paulista (SP); 0,704; 0,663; 0,802; 0,655
 1776 º; Araçariguama (SP); 0,704; 0,717; 0,814; 0,597
 1776 º; Tabatinga (SP); 0,704; 0,700; 0,818; 0,609
 1776 º; Canas (SP); 0,704; 0,646; 0,797; 0,677
 1811 º; Fernão (SP); 0,703; 0,668; 0,843; 0,617
 1811 º; Jeriquara (SP); 0,703; 0,680; 0,814; 0,628
 1811 º; Ibaté (SP); 0,703; 0,681; 0,814; 0,627
 1811 º; Riolândia (SP); 0,703; 0,677; 0,817; 0,629
 1811 º; São Pedro do Turvo (SP); 0,703; 0,661; 0,826; 0,636
 1811 º; Itararé (SP); 0,703; 0,668; 0,803; 0,649
 1811 º; Iporanga (SP); 0,703; 0,637; 0,816; 0,668
 1811 º; Porangaba (SP); 0,703; 0,696; 0,864; 0,578
 1811 º; Francisco Morato (SP); 0,703; 0,659; 0,815; 0,647
 1842 º; Luiziânia (SP); 0,702; 0,682; 0,815; 0,623
 1842 º; Pontalinda (SP); 0,702; 0,677; 0,847; 0,604
 1842 º; Santo Antônio da Alegria (SP); 0,702; 0,690; 0,830; 0,604
 1842 º; Santo Antônio de Posse (SP); 0,702; 0,718; 0,838; 0,576
 1866 º; Taquarituba (SP); 0,701; 0,700; 0,811; 0,606
 1866 º; São Sebastião da Grama (SP); 0,701; 0,689; 0,820; 0,609
 1866 º; Pratânia (SP); 0,701; 0,681; 0,798; 0,633
 1904 º; Alto Alegre (SP); 0,700; 0,683; 0,817; 0,616
 1904 º; Ubarana (SP); 0,700; 0,672; 0,844; 0,604
 1904 º; Juquiá (SP); 0,700; 0,654; 0,823; 0,637
 1934 º; Vargem (SP); 0,699; 0,690; 0,839; 0,591
 1934 º; Barbosa (SP); 0,699; 0,676; 0,843; 0,599
 1934 º; Suzanápolis (SP); 0,699; 0,665; 0,813; 0,631
 1934 º; Capela do Alto (SP); 0,699; 0,673; 0,823; 0,617
 1934 º; Joanópolis (SP); 0,699; 0,707; 0,824; 0,585
 1969 º; Ribeira (SP); 0,698; 0,635; 0,797; 0,673
 1995 º; Miracatu (SP); 0,697; 0,645; 0,803; 0,655
 1995 º; Areias (SP); 0,697; 0,627; 0,803; 0,672
 1995 º; Potim (SP); 0,697; 0,651; 0,806; 0,646
 1995 º; Caiuá (SP); 0,697; 0,665; 0,802; 0,635
 1995 º; Guzolândia (SP); 0,697; 0,676; 0,808; 0,621
 1995 º; São Luís do Paraitinga (SP); 0,697; 0,691; 0,826; 0,593
 2028 º; Pracinha (SP); 0,696; 0,658; 0,814; 0,629
 2028 º; Pedro de Toledo (SP); 0,696; 0,654; 0,812; 0,634
 2028 º; Espírito Santo do Turvo (SP); 0,696; 0,675; 0,819; 0,609
 2059 º; Areiópolis (SP); 0,695; 0,686; 0,823; 0,594
 2059 º; Elias Fausto (SP); 0,695; 0,701; 0,822; 0,583
 2078 º; Cajati (SP); 0,694; 0,658; 0,832; 0,611
 2078 º; Cabrália Paulista (SP); 0,694; 0,667; 0,811; 0,619
 2105 º; Lagoinha (SP); 0,693; 0,686; 0,797; 0,609
 2105 º; Itaberá (SP); 0,693; 0,652; 0,803; 0,636
 2105 º; São José da Bela Vista (SP); 0,693; 0,679; 0,844; 0,580
 2134 º; Ouro Verde (SP); 0,692; 0,666; 0,814; 0,612
 2161 º; Eldorado (SP); 0,691; 0,633; 0,847; 0,615
 2182 º; Pilar do Sul (SP); 0,690; 0,674; 0,820; 0,594
 2182 º; Coronel Macedo (SP); 0,690; 0,653; 0,811; 0,619
 2224 º; Sarutaiá (SP); 0,688; 0,679; 0,794; 0,603
 2224 º; Álvaro de Carvalho (SP); 0,688; 0,669; 0,805; 0,605
 2251 º; Guareí (SP); 0,687; 0,692; 0,805; 0,583
 2251 º; Altair (SP); 0,687; 0,698; 0,800; 0,581
 2282 º; Santa Maria da Serra (SP); 0,686; 0,688; 0,820; 0,571
 2282 º; Serra Azul (SP); 0,686; 0,697; 0,810; 0,572
 2309 º; Arandu (SP); 0,685; 0,675; 0,806; 0,592
 2332 º; São José do Barreiro (SP); 0,684; 0,666; 0,813; 0,591
 2332 º; Cunha (SP); 0,684; 0,672; 0,826; 0,576
 2412 º; Tapiraí (SP); 0,681; 0,647; 0,846; 0,578
 2412 º; Boa Esperança do Sul (SP); 0,681; 0,692; 0,811; 0,562
 2439 º; Itaóca (SP); 0,680; 0,627; 0,787; 0,637
 2439 º; Canitar (SP); 0,680; 0,658; 0,791; 0,605
 2439 º; Arapeí (SP); 0,680; 0,634; 0,812; 0,612
 2462 º; Taquarivaí (SP); 0,679; 0,617; 0,811; 0,626
 2481 º; Nazaré Paulista (SP); 0,678; 0,681; 0,818; 0,559
 2481 º; Quadra (SP); 0,678; 0,700; 0,822; 0,541
 2481 º; Silveiras (SP); 0,678; 0,657; 0,812; 0,584
 2503 º; Marabá Paulista (SP); 0,677; 0,650; 0,809; 0,591
 2503 º; Pedra Bela (SP); 0,677; 0,671; 0,796; 0,581
 2503 º; Itariri (SP); 0,677; 0,642; 0,837; 0,577
 2545 º; Guapiara (SP); 0,675; 0,634; 0,806; 0,602
 2573 º; Iaras (SP); 0,674; 0,664; 0,848; 0,543
 2598 º; Sete Barras (SP); 0,673; 0,651; 0,832; 0,562
 2691 º; Balbinos (SP); 0,669; 0,690; 0,809; 0,537
 2716 º; Tejupá (SP); 0,668; 0,668; 0,794; 0,563
 2738 º; Buri (SP); 0,667; 0,642; 0,799; 0,578
 2802 º; Riversul (SP); 0,664; 0,634; 0,799; 0,577
 2870 º; Itapirapuã Paulista (SP); 0,661; 0,595; 0,816; 0,594
 2898 º; Bom Sucesso de Itararé (SP); 0,660; 0,605; 0,775; 0,613
 2898 º; Barra do Chapéu (SP); 0,660; 0,617; 0,779; 0,599
 2964 º; Redenção da Serra (SP); 0,657; 0,633; 0,799; 0,560
 3008 º; Natividade da Serra (SP); 0,655; 0,664; 0,814; 0,520
 3090 º; Nova Campina (SP); 0,651; 0,598; 0,799; 0,577
 3275 º; Barra do Turvo (SP); 0,641; 0,625; 0,792; 0,532
 3312 º; Ribeirão Branco (SP); 0,639; 0,592; 0,797; 0,553
